-- MariaDB dump 10.19  Distrib 10.4.32-MariaDB, for Win64 (AMD64)
--
-- Host: localhost    Database: snowbase
-- ------------------------------------------------------
-- Server version	10.4.32-MariaDB

/*!40101 SET @OLD_CHARACTER_SET_CLIENT=@@CHARACTER_SET_CLIENT */;
/*!40101 SET @OLD_CHARACTER_SET_RESULTS=@@CHARACTER_SET_RESULTS */;
/*!40101 SET @OLD_COLLATION_CONNECTION=@@COLLATION_CONNECTION */;
/*!40101 SET NAMES utf8mb4 */;
/*!40103 SET @OLD_TIME_ZONE=@@TIME_ZONE */;
/*!40103 SET TIME_ZONE='+00:00' */;
/*!40014 SET @OLD_UNIQUE_CHECKS=@@UNIQUE_CHECKS, UNIQUE_CHECKS=0 */;
/*!40014 SET @OLD_FOREIGN_KEY_CHECKS=@@FOREIGN_KEY_CHECKS, FOREIGN_KEY_CHECKS=0 */;
/*!40101 SET @OLD_SQL_MODE=@@SQL_MODE, SQL_MODE='NO_AUTO_VALUE_ON_ZERO' */;
/*!40111 SET @OLD_SQL_NOTES=@@SQL_NOTES, SQL_NOTES=0 */;

--
-- Table structure for table `destinacije`
--

DROP TABLE IF EXISTS `destinacije`;
/*!40101 SET @saved_cs_client     = @@character_set_client */;
/*!40101 SET character_set_client = utf8 */;
CREATE TABLE `destinacije` (
  `id` int(11) NOT NULL AUTO_INCREMENT,
  `slug` varchar(60) NOT NULL,
  `naziv` varchar(120) NOT NULL,
  `opis` text DEFAULT NULL,
  `zemlja` varchar(60) DEFAULT NULL,
  `region` varchar(80) DEFAULT NULL,
  `lat` decimal(10,6) DEFAULT NULL,
  `lng` decimal(10,6) DEFAULT NULL,
  `distanca_od_bg_km` int(11) NOT NULL DEFAULT 0,
  `prosecna_putarina_eur` decimal(7,2) NOT NULL DEFAULT 0.00,
  `granicni_prelaz_id` int(11) DEFAULT NULL,
  PRIMARY KEY (`id`),
  UNIQUE KEY `slug` (`slug`),
  KEY `fk_dest_prelaz` (`granicni_prelaz_id`),
  CONSTRAINT `fk_dest_prelaz` FOREIGN KEY (`granicni_prelaz_id`) REFERENCES `granicni_prelazi` (`id`) ON DELETE SET NULL
) ENGINE=InnoDB AUTO_INCREMENT=9 DEFAULT CHARSET=utf8mb4 COLLATE=utf8mb4_unicode_ci;
/*!40101 SET character_set_client = @saved_cs_client */;

--
-- Dumping data for table `destinacije`
--

LOCK TABLES `destinacije` WRITE;
/*!40000 ALTER TABLE `destinacije` DISABLE KEYS */;
INSERT INTO `destinacije` VALUES (1,'les-orres','Les Orres','Skrivena perla Francuskih Alpa — staze pod stalnim suncem, kompaktno selo i savršena dnevna preglednost. Idealno za porodice i one koji traže privatnost daleko od gužve.','Francuska','Francuske Alpe',44.455300,6.537200,1580,110.00,1),(2,'chamonix','Chamonix-Mont-Blanc','Legendarno utočište alpinista. U podnožju najvišeg evropskog vrha, sa 4 odvojena ski područja i autentičnom francuskom čaršijom. Mecca za napredne skijaše.','Francuska','Francuske Alpe',45.923700,6.869400,1530,115.00,1),(3,'val-thorens','Val Thorens','Najviše skijalište Evrope na 2300m — Les 3 Vallées, 600 km povezanih staza, garantovani sneg do maja. Pravi raj za pisteur-e koji ne posustaju.','Francuska','Francuske Alpe',45.298000,6.580000,1620,120.00,1),(6,'st-anton','St. Anton am Arlberg','Kolevka alpskog skijanja — gde je rođen moderni skijaški sport 1901. Apres-ski legenda, Schindlerov Kar, 305 km povezanih staza Arlberg sistema.','Austrija','Tirol',46.749700,10.270200,1025,65.00,1),(7,'kopaonik','Kopaonik','Krov Srbije — najveći domaći ski centar, 60 km staza, 25 žičara. Komforna alternativa Alpima bez graničnih prelaza, sa srpskom hranom i razumnim cenama.','Srbija','Centralna Srbija',43.286000,20.816400,280,0.00,7),(8,'bansko','Bansko','Najpristupačnije pravo skijalište regiona — 75 km staza, gondola direktno iz centra grada, balkanska gostoljubivost i cene 30% niže od Alpa.','Bugarska','Pirin',41.837800,23.488400,530,18.00,5);
/*!40000 ALTER TABLE `destinacije` ENABLE KEYS */;
UNLOCK TABLES;

--
-- Table structure for table `destinacije_slike`
--

DROP TABLE IF EXISTS `destinacije_slike`;
/*!40101 SET @saved_cs_client     = @@character_set_client */;
/*!40101 SET character_set_client = utf8 */;
CREATE TABLE `destinacije_slike` (
  `id` int(11) NOT NULL AUTO_INCREMENT,
  `destinacija_id` int(11) NOT NULL,
  `tip` enum('hero','mapa_staza','gallery') NOT NULL DEFAULT 'gallery',
  `url` varchar(255) NOT NULL,
  `alt` varchar(200) DEFAULT NULL,
  `redosled` smallint(6) NOT NULL DEFAULT 0,
  PRIMARY KEY (`id`),
  KEY `idx_dest_tip` (`destinacija_id`,`tip`),
  CONSTRAINT `fk_slike_dest` FOREIGN KEY (`destinacija_id`) REFERENCES `destinacije` (`id`) ON DELETE CASCADE
) ENGINE=InnoDB AUTO_INCREMENT=25 DEFAULT CHARSET=utf8mb4 COLLATE=utf8mb4_unicode_ci;
/*!40101 SET character_set_client = @saved_cs_client */;

--
-- Dumping data for table `destinacije_slike`
--

LOCK TABLES `destinacije_slike` WRITE;
/*!40000 ALTER TABLE `destinacije_slike` DISABLE KEYS */;
INSERT INTO `destinacije_slike` VALUES (1,1,'mapa_staza','Slike/les-orres/mapa.jpg','Mapa staza Les Orres',1),(2,1,'hero','Slike/les-orres/hero.jpg','Les Orres panorama',1),(3,1,'gallery','Slike/les-orres/g1.jpg','Les Orres staze',1),(4,1,'gallery','Slike/les-orres/g2.jpg','Les Orres selo',2),(5,2,'mapa_staza','Slike/chamonix/mapa.jpg','Mapa staza Chamonix',1),(6,2,'hero','Slike/chamonix/hero.jpg','Mont Blanc panorama',1),(7,2,'gallery','Slike/chamonix/g1.jpg','Chamonix čaršija',1),(8,2,'gallery','Slike/chamonix/g2.jpg','Aiguille du Midi',2),(9,3,'mapa_staza','Slike/val-thorens/mapa.jpg','Mapa staza Val Thorens',1),(10,3,'hero','Slike/val-thorens/hero.jpg','Val Thorens vrh',1),(11,3,'gallery','Slike/val-thorens/g1.jpg','3 Vallées panorama',1),(12,3,'gallery','Slike/val-thorens/g2.jpg','Cime Caron',2),(13,6,'mapa_staza','Slike/st-anton/mapa.jpg','Mapa staza St. Anton',1),(14,6,'hero','Slike/st-anton/hero.jpg','St. Anton panorama',1),(15,6,'gallery','Slike/st-anton/g1.jpg','Galzig',1),(16,6,'gallery','Slike/st-anton/g2.jpg','Schindler Kar',2),(17,7,'mapa_staza','Slike/kopaonik/mapa.jpg','Mapa staza Kopaonik',1),(18,7,'hero','Slike/kopaonik/hero.jpg','Kopaonik panorama',1),(19,7,'gallery','Slike/kopaonik/g1.jpg','Pančićev vrh',1),(20,7,'gallery','Slike/kopaonik/g2.jpg','Sunčana dolina',2),(21,8,'mapa_staza','Slike/bansko/mapa.jpg','Mapa staza Bansko',1),(22,8,'hero','Slike/bansko/hero.jpg','Pirin planina',1),(23,8,'gallery','Slike/bansko/g1.jpg','Bansko gondola',1),(24,8,'gallery','Slike/bansko/g2.jpg','Plato staze',2);
/*!40000 ALTER TABLE `destinacije_slike` ENABLE KEYS */;
UNLOCK TABLES;

--
-- Table structure for table `faq`
--

DROP TABLE IF EXISTS `faq`;
/*!40101 SET @saved_cs_client     = @@character_set_client */;
/*!40101 SET character_set_client = utf8 */;
CREATE TABLE `faq` (
  `id` int(11) NOT NULL AUTO_INCREMENT,
  `destinacija_id` int(11) DEFAULT NULL,
  `pitanje` varchar(255) NOT NULL,
  `odgovor` text NOT NULL,
  `redosled` smallint(6) NOT NULL DEFAULT 0,
  `aktivan` tinyint(1) NOT NULL DEFAULT 1,
  PRIMARY KEY (`id`),
  KEY `idx_dest_redosled` (`destinacija_id`,`redosled`),
  CONSTRAINT `fk_faq_dest` FOREIGN KEY (`destinacija_id`) REFERENCES `destinacije` (`id`) ON DELETE CASCADE
) ENGINE=InnoDB AUTO_INCREMENT=5 DEFAULT CHARSET=utf8mb4 COLLATE=utf8mb4_unicode_ci;
/*!40101 SET character_set_client = @saved_cs_client */;

--
-- Dumping data for table `faq`
--

LOCK TABLES `faq` WRITE;
/*!40000 ALTER TABLE `faq` DISABLE KEYS */;
INSERT INTO `faq` VALUES (1,NULL,'Da li je ski pas uključen u cenu aranžmana?','Ski pas nije automatski uključen u smeštajni aranžman — to nam omogućava da svaki paket prilagodimo vašim potrebama. Možete ga dokupiti kroz naš kalkulator na ovoj stranici, ili nas kontaktirati za paket deal (smeštaj + pas) koji je često povoljniji od pojedinačne kupovine.',10,1),(2,NULL,'Kakvo zdravstveno osiguranje je potrebno za ski destinacije?','Strogo preporučujemo putno osiguranje koje eksplicitno pokriva \"zimske sportove i aktivnosti na snegu\". Standardne turističke polise često ne pokrivaju skijaške povrede. Imamo dogovor sa partnerskim osiguravačem koji nudi specijalnu skijašku polisu od samo 8 EUR/dan po osobi.',20,1),(3,NULL,'Šta se dešava sa ski pasom ako se planina zatvori zbog nevremena?','Svaki skijaški centar iz našeg kataloga ima jasnu kompenzacionu politiku: za zatvaranje duže od 4 uzastopna sata vrši se proporcionalna nadoknada — ili produžetak pasa bez naknade, ili bon za narednu sezonu. Snowbase aktivno zastupa vaše interese.',30,1),(4,NULL,'Kako rezervisati ski školu ili rentiranje opreme?','Rezervacija se vrši minimum 48h pre željenog termina. Popunite kontakt obrazac na kraju stranice ili nas direktno kontaktirajte. Za grupe od 6 i više osoba odobravamo 15% popusta na kompletan paket opreme.',40,1);
/*!40000 ALTER TABLE `faq` ENABLE KEYS */;
UNLOCK TABLES;

--
-- Table structure for table `granicni_prelazi`
--

DROP TABLE IF EXISTS `granicni_prelazi`;
/*!40101 SET @saved_cs_client     = @@character_set_client */;
/*!40101 SET character_set_client = utf8 */;
CREATE TABLE `granicni_prelazi` (
  `id` int(11) NOT NULL AUTO_INCREMENT,
  `naziv` varchar(80) NOT NULL,
  `iz_drzave` varchar(40) NOT NULL DEFAULT 'Srbija',
  `u_drzavu` varchar(40) NOT NULL,
  `tipicno_cekanje_min` smallint(6) NOT NULL DEFAULT 0,
  PRIMARY KEY (`id`)
) ENGINE=InnoDB AUTO_INCREMENT=8 DEFAULT CHARSET=utf8mb4 COLLATE=utf8mb4_unicode_ci;
/*!40101 SET character_set_client = @saved_cs_client */;

--
-- Dumping data for table `granicni_prelazi`
--

LOCK TABLES `granicni_prelazi` WRITE;
/*!40000 ALTER TABLE `granicni_prelazi` DISABLE KEYS */;
INSERT INTO `granicni_prelazi` VALUES (1,'Horgoš','Srbija','Mađarska',30),(2,'Batrovci','Srbija','Hrvatska',25),(3,'Šid','Srbija','Hrvatska',15),(4,'Vrška Čuka','Srbija','Bugarska',20),(5,'Gradina','Srbija','Bugarska',20),(6,'Preševo','Srbija','S. Makedonija',15),(7,'—','Srbija','Srbija',0);
/*!40000 ALTER TABLE `granicni_prelazi` ENABLE KEYS */;
UNLOCK TABLES;

--
-- Table structure for table `oprema_paketi`
--

DROP TABLE IF EXISTS `oprema_paketi`;
/*!40101 SET @saved_cs_client     = @@character_set_client */;
/*!40101 SET character_set_client = utf8 */;
CREATE TABLE `oprema_paketi` (
  `id` int(11) NOT NULL AUTO_INCREMENT,
  `destinacija_id` int(11) NOT NULL,
  `naziv` varchar(100) NOT NULL,
  `badge` varchar(40) DEFAULT NULL,
  `opis` text DEFAULT NULL,
  `cena_eur` decimal(7,2) NOT NULL,
  `includes_json` longtext CHARACTER SET utf8mb4 COLLATE utf8mb4_bin DEFAULT NULL CHECK (json_valid(`includes_json`)),
  `napomena` varchar(120) DEFAULT NULL,
  `preporuceno` tinyint(1) NOT NULL DEFAULT 0,
  `redosled` smallint(6) NOT NULL DEFAULT 0,
  PRIMARY KEY (`id`),
  KEY `idx_dest` (`destinacija_id`),
  CONSTRAINT `fk_oprema_dest` FOREIGN KEY (`destinacija_id`) REFERENCES `destinacije` (`id`) ON DELETE CASCADE
) ENGINE=InnoDB AUTO_INCREMENT=15 DEFAULT CHARSET=utf8mb4 COLLATE=utf8mb4_unicode_ci;
/*!40101 SET character_set_client = @saved_cs_client */;

--
-- Dumping data for table `oprema_paketi`
--

LOCK TABLES `oprema_paketi` WRITE;
/*!40000 ALTER TABLE `oprema_paketi` DISABLE KEYS */;
INSERT INTO `oprema_paketi` VALUES (1,1,'Starter Komplet','Ekonomični','Idealno za početnike i rekreativce. Proverena oprema renomirane klase.',22.00,'[\"Skije (all-mountain, početni nivo)\", \"Pancerice (toplinski podstavljene)\", \"Štapovi + kaiš za zapešće\", \"Kaciga (EN 1077 certifikat)\"]','Min. 2 dana',0,10),(2,2,'Starter Komplet','Ekonomični','Idealno za početnike i rekreativce. Proverena oprema renomirane klase.',22.00,'[\"Skije (all-mountain, početni nivo)\", \"Pancerice (toplinski podstavljene)\", \"Štapovi + kaiš za zapešće\", \"Kaciga (EN 1077 certifikat)\"]','Min. 2 dana',0,10),(3,3,'Starter Komplet','Ekonomični','Idealno za početnike i rekreativce. Proverena oprema renomirane klase.',22.00,'[\"Skije (all-mountain, početni nivo)\", \"Pancerice (toplinski podstavljene)\", \"Štapovi + kaiš za zapešće\", \"Kaciga (EN 1077 certifikat)\"]','Min. 2 dana',0,10),(4,6,'Starter Komplet','Ekonomični','Idealno za početnike i rekreativce. Proverena oprema renomirane klase.',22.00,'[\"Skije (all-mountain, početni nivo)\", \"Pancerice (toplinski podstavljene)\", \"Štapovi + kaiš za zapešće\", \"Kaciga (EN 1077 certifikat)\"]','Min. 2 dana',0,10),(5,8,'Starter Komplet','Ekonomični','Idealno za početnike i rekreativce. Proverena oprema renomirane klase.',22.00,'[\"Skije (all-mountain, početni nivo)\", \"Pancerice (toplinski podstavljene)\", \"Štapovi + kaiš za zapešće\", \"Kaciga (EN 1077 certifikat)\"]','Min. 2 dana',0,10),(6,7,'Starter Komplet','Ekonomični','Idealno za početnike i rekreativce. Proverena oprema renomirane klase.',22.00,'[\"Skije (all-mountain, početni nivo)\", \"Pancerice (toplinski podstavljene)\", \"Štapovi + kaiš za zapešće\", \"Kaciga (EN 1077 certifikat)\"]','Min. 2 dana',0,10),(8,1,'Expert Performance','Premium','Napredni modeli skija za iskusne skijaše koji traže preciznost i kontrolu na svakom terenu.',38.00,'[\"Race/Freeride skije\", \"Pancerice (race-fit, carbon vložak)\", \"Štapovi od karbona\", \"Kaciga + zaštitne naočare\", \"Zaštitni šorts i back protektor\"]','Preporučujemo',1,20),(9,2,'Expert Performance','Premium','Napredni modeli skija za iskusne skijaše koji traže preciznost i kontrolu na svakom terenu.',38.00,'[\"Race/Freeride skije\", \"Pancerice (race-fit, carbon vložak)\", \"Štapovi od karbona\", \"Kaciga + zaštitne naočare\", \"Zaštitni šorts i back protektor\"]','Preporučujemo',1,20),(10,3,'Expert Performance','Premium','Napredni modeli skija za iskusne skijaše koji traže preciznost i kontrolu na svakom terenu.',38.00,'[\"Race/Freeride skije\", \"Pancerice (race-fit, carbon vložak)\", \"Štapovi od karbona\", \"Kaciga + zaštitne naočare\", \"Zaštitni šorts i back protektor\"]','Preporučujemo',1,20),(11,6,'Expert Performance','Premium','Napredni modeli skija za iskusne skijaše koji traže preciznost i kontrolu na svakom terenu.',38.00,'[\"Race/Freeride skije\", \"Pancerice (race-fit, carbon vložak)\", \"Štapovi od karbona\", \"Kaciga + zaštitne naočare\", \"Zaštitni šorts i back protektor\"]','Preporučujemo',1,20),(12,8,'Expert Performance','Premium','Napredni modeli skija za iskusne skijaše koji traže preciznost i kontrolu na svakom terenu.',38.00,'[\"Race/Freeride skije\", \"Pancerice (race-fit, carbon vložak)\", \"Štapovi od karbona\", \"Kaciga + zaštitne naočare\", \"Zaštitni šorts i back protektor\"]','Preporučujemo',1,20),(13,7,'Expert Performance','Premium','Napredni modeli skija za iskusne skijaše koji traže preciznost i kontrolu na svakom terenu.',38.00,'[\"Race/Freeride skije\", \"Pancerice (race-fit, carbon vložak)\", \"Štapovi od karbona\", \"Kaciga + zaštitne naočare\", \"Zaštitni šorts i back protektor\"]','Preporučujemo',1,20);
/*!40000 ALTER TABLE `oprema_paketi` ENABLE KEYS */;
UNLOCK TABLES;

--
-- Table structure for table `recenzije`
--

DROP TABLE IF EXISTS `recenzije`;
/*!40101 SET @saved_cs_client     = @@character_set_client */;
/*!40101 SET character_set_client = utf8 */;
CREATE TABLE `recenzije` (
  `id` int(11) NOT NULL AUTO_INCREMENT,
  `destinacija_id` int(11) DEFAULT NULL,
  `ime` varchar(80) NOT NULL,
  `avatar` varchar(8) DEFAULT NULL,
  `lokacija` varchar(120) DEFAULT NULL,
  `tekst` text NOT NULL,
  `ocena` tinyint(4) NOT NULL DEFAULT 5,
  `datum_prikaza` varchar(40) NOT NULL,
  `tagovi` longtext CHARACTER SET utf8mb4 COLLATE utf8mb4_bin DEFAULT NULL CHECK (json_valid(`tagovi`)),
  `na_homepage` tinyint(1) NOT NULL DEFAULT 0,
  `redosled` smallint(6) NOT NULL DEFAULT 0,
  PRIMARY KEY (`id`),
  KEY `idx_dest` (`destinacija_id`),
  KEY `idx_homepage` (`na_homepage`),
  CONSTRAINT `fk_recenzije_dest` FOREIGN KEY (`destinacija_id`) REFERENCES `destinacije` (`id`) ON DELETE CASCADE
) ENGINE=InnoDB AUTO_INCREMENT=19 DEFAULT CHARSET=utf8mb4 COLLATE=utf8mb4_unicode_ci;
/*!40101 SET character_set_client = @saved_cs_client */;

--
-- Dumping data for table `recenzije`
--

LOCK TABLES `recenzije` WRITE;
/*!40000 ALTER TABLE `recenzije` DISABLE KEYS */;
INSERT INTO `recenzije` VALUES (1,NULL,'Marija T.','MT','Les Orres, Francuska','Neverovatno iskustvo! Staze su savršeno pripremljene, sneg prašinast celu nedelju. Organizacija Snowbase bila je besprekorna od prvog do poslednjeg dana.',5,'Januar 2026.',NULL,1,10),(2,NULL,'Stefan K.','SK','St. Anton, Austrija','Treće godišnje putovanje. Smeštaj tačno prema opisu, transfer brz, granični prelaz bez čekanja. Jednom kad probate Snowbase, ne idete drugde.',5,'Februar 2026.',NULL,1,20),(3,NULL,'Milan & Tara','MT','Val Thorens, Francuska','Najveće skijalište koje smo iskusili — staze beskrajne, sneg garantovan. Snowbase organizacija prvoklasna od polaska do povratka.',5,'Decembar 2025.',NULL,1,30),(4,NULL,'Nikola P.','NP','Chamonix, Francuska','Sve savršeno isplanirano — od polaska iz Beograda do povratka, nula stresa. Kalkulator je bio tačan do poslednjeg evra.',5,'Januar 2026.',NULL,1,40),(5,1,'Marko D.',NULL,NULL,'Savršeno organizovan put. Staze prelepe, hotel taman koliko nam treba. Ekipa Snowbase brza i profesionalna.',5,'Januar 2026.','[\"Staze ★★★★★\", \"Organizacija ★★★★★\"]',0,10),(6,2,'Marko D.',NULL,NULL,'Savršeno organizovan put. Staze prelepe, hotel taman koliko nam treba. Ekipa Snowbase brza i profesionalna.',5,'Januar 2026.','[\"Staze ★★★★★\", \"Organizacija ★★★★★\"]',0,10),(7,3,'Marko D.',NULL,NULL,'Savršeno organizovan put. Staze prelepe, hotel taman koliko nam treba. Ekipa Snowbase brza i profesionalna.',5,'Januar 2026.','[\"Staze ★★★★★\", \"Organizacija ★★★★★\"]',0,10),(8,6,'Marko D.',NULL,NULL,'Savršeno organizovan put. Staze prelepe, hotel taman koliko nam treba. Ekipa Snowbase brza i profesionalna.',5,'Januar 2026.','[\"Staze ★★★★★\", \"Organizacija ★★★★★\"]',0,10),(9,8,'Marko D.',NULL,NULL,'Savršeno organizovan put. Staze prelepe, hotel taman koliko nam treba. Ekipa Snowbase brza i profesionalna.',5,'Januar 2026.','[\"Staze ★★★★★\", \"Organizacija ★★★★★\"]',0,10),(10,7,'Marko D.',NULL,NULL,'Savršeno organizovan put. Staze prelepe, hotel taman koliko nam treba. Ekipa Snowbase brza i profesionalna.',5,'Januar 2026.','[\"Staze ★★★★★\", \"Organizacija ★★★★★\"]',0,10),(12,1,'Jelena & Vuk',NULL,NULL,'Treća sezona zaredom. Cena je fer, kvalitet izuzetan. Ski škola savršena za našu decu — preporučujemo svima.',5,'Februar 2026.','[\"Porodično ★★★★★\", \"Smeštaj ★★★★☆\"]',0,20),(13,2,'Jelena & Vuk',NULL,NULL,'Treća sezona zaredom. Cena je fer, kvalitet izuzetan. Ski škola savršena za našu decu — preporučujemo svima.',5,'Februar 2026.','[\"Porodično ★★★★★\", \"Smeštaj ★★★★☆\"]',0,20),(14,3,'Jelena & Vuk',NULL,NULL,'Treća sezona zaredom. Cena je fer, kvalitet izuzetan. Ski škola savršena za našu decu — preporučujemo svima.',5,'Februar 2026.','[\"Porodično ★★★★★\", \"Smeštaj ★★★★☆\"]',0,20),(15,6,'Jelena & Vuk',NULL,NULL,'Treća sezona zaredom. Cena je fer, kvalitet izuzetan. Ski škola savršena za našu decu — preporučujemo svima.',5,'Februar 2026.','[\"Porodično ★★★★★\", \"Smeštaj ★★★★☆\"]',0,20),(16,8,'Jelena & Vuk',NULL,NULL,'Treća sezona zaredom. Cena je fer, kvalitet izuzetan. Ski škola savršena za našu decu — preporučujemo svima.',5,'Februar 2026.','[\"Porodično ★★★★★\", \"Smeštaj ★★★★☆\"]',0,20),(17,7,'Jelena & Vuk',NULL,NULL,'Treća sezona zaredom. Cena je fer, kvalitet izuzetan. Ski škola savršena za našu decu — preporučujemo svima.',5,'Februar 2026.','[\"Porodično ★★★★★\", \"Smeštaj ★★★★☆\"]',0,20);
/*!40000 ALTER TABLE `recenzije` ENABLE KEYS */;
UNLOCK TABLES;

--
-- Table structure for table `ski_info`
--

DROP TABLE IF EXISTS `ski_info`;
/*!40101 SET @saved_cs_client     = @@character_set_client */;
/*!40101 SET character_set_client = utf8 */;
CREATE TABLE `ski_info` (
  `destinacija_id` int(11) NOT NULL,
  `ukupno_staza_km` decimal(6,1) NOT NULL DEFAULT 0.0,
  `plave_staze_km` decimal(6,1) NOT NULL DEFAULT 0.0,
  `crvene_staze_km` decimal(6,1) NOT NULL DEFAULT 0.0,
  `crne_staze_km` decimal(6,1) NOT NULL DEFAULT 0.0,
  `broj_zicara` smallint(6) NOT NULL DEFAULT 0,
  PRIMARY KEY (`destinacija_id`),
  CONSTRAINT `fk_ski_info_dest` FOREIGN KEY (`destinacija_id`) REFERENCES `destinacije` (`id`) ON DELETE CASCADE
) ENGINE=InnoDB DEFAULT CHARSET=utf8mb4 COLLATE=utf8mb4_unicode_ci;
/*!40101 SET character_set_client = @saved_cs_client */;

--
-- Dumping data for table `ski_info`
--

LOCK TABLES `ski_info` WRITE;
/*!40000 ALTER TABLE `ski_info` DISABLE KEYS */;
INSERT INTO `ski_info` VALUES (1,100.0,35.0,50.0,15.0,17),(2,170.0,50.0,90.0,30.0,49),(3,600.0,250.0,280.0,70.0,31),(6,305.0,130.0,145.0,30.0,87),(7,60.0,29.0,21.0,10.0,25),(8,75.0,35.0,30.0,10.0,14);
/*!40000 ALTER TABLE `ski_info` ENABLE KEYS */;
UNLOCK TABLES;

--
-- Table structure for table `ski_pas_cene`
--

DROP TABLE IF EXISTS `ski_pas_cene`;
/*!40101 SET @saved_cs_client     = @@character_set_client */;
/*!40101 SET character_set_client = utf8 */;
CREATE TABLE `ski_pas_cene` (
  `id` int(11) NOT NULL AUTO_INCREMENT,
  `destinacija_id` int(11) NOT NULL,
  `kategorija` varchar(40) NOT NULL,
  `cena_1dan` decimal(7,2) NOT NULL,
  `cena_2dana` decimal(7,2) NOT NULL,
  `cena_3dana` decimal(7,2) NOT NULL,
  `cena_5dana` decimal(7,2) NOT NULL,
  `cena_6dana` decimal(7,2) NOT NULL,
  `cena_7dana` decimal(7,2) NOT NULL,
  `redosled` smallint(6) NOT NULL DEFAULT 0,
  PRIMARY KEY (`id`),
  KEY `idx_dest` (`destinacija_id`),
  CONSTRAINT `fk_pas_dest` FOREIGN KEY (`destinacija_id`) REFERENCES `destinacije` (`id`) ON DELETE CASCADE
) ENGINE=InnoDB AUTO_INCREMENT=25 DEFAULT CHARSET=utf8mb4 COLLATE=utf8mb4_unicode_ci;
/*!40101 SET character_set_client = @saved_cs_client */;

--
-- Dumping data for table `ski_pas_cene`
--

LOCK TABLES `ski_pas_cene` WRITE;
/*!40000 ALTER TABLE `ski_pas_cene` DISABLE KEYS */;
INSERT INTO `ski_pas_cene` VALUES (1,1,'Odrasli',44.00,82.00,118.00,175.00,198.00,222.00,10),(2,1,'Studenti',37.00,68.00,100.00,148.00,168.00,188.00,20),(3,1,'Deca',26.00,48.00,72.00,105.00,118.00,132.00,30),(4,1,'Senior',34.00,64.00,92.00,138.00,156.00,175.00,40),(5,2,'Odrasli',68.00,128.00,184.00,270.00,312.00,340.00,10),(6,2,'Studenti',58.00,108.00,156.00,230.00,266.00,290.00,20),(7,2,'Deca',40.00,74.00,112.00,165.00,190.00,210.00,30),(8,2,'Senior',58.00,108.00,156.00,230.00,266.00,290.00,40),(9,3,'Odrasli',72.00,138.00,198.00,295.00,348.00,378.00,10),(10,3,'Studenti',60.00,116.00,168.00,250.00,296.00,322.00,20),(11,3,'Deca',42.00,80.00,118.00,175.00,208.00,226.00,30),(12,3,'Senior',64.00,122.00,175.00,262.00,310.00,336.00,40),(13,6,'Odrasli',67.00,128.00,186.00,274.00,318.00,345.00,10),(14,6,'Studenti',60.00,114.00,168.00,248.00,286.00,310.00,20),(15,6,'Deca',34.00,64.00,94.00,138.00,160.00,174.00,30),(16,6,'Senior',60.00,114.00,168.00,248.00,286.00,310.00,40),(17,7,'Odrasli',40.00,74.00,106.00,158.00,185.00,205.00,10),(18,7,'Studenti',33.00,62.00,90.00,134.00,158.00,175.00,20),(19,7,'Deca',23.00,44.00,62.00,94.00,110.00,122.00,30),(20,7,'Senior',31.00,58.00,84.00,124.00,148.00,164.00,40),(21,8,'Odrasli',45.00,84.00,122.00,178.00,208.00,228.00,10),(22,8,'Studenti',38.00,72.00,104.00,152.00,176.00,196.00,20),(23,8,'Deca',25.00,47.00,68.00,98.00,116.00,128.00,30),(24,8,'Senior',38.00,72.00,104.00,152.00,176.00,196.00,40);
/*!40000 ALTER TABLE `ski_pas_cene` ENABLE KEYS */;
UNLOCK TABLES;

--
-- Table structure for table `skola_paketi`
--

DROP TABLE IF EXISTS `skola_paketi`;
/*!40101 SET @saved_cs_client     = @@character_set_client */;
/*!40101 SET character_set_client = utf8 */;
CREATE TABLE `skola_paketi` (
  `id` int(11) NOT NULL AUTO_INCREMENT,
  `destinacija_id` int(11) NOT NULL,
  `naziv` varchar(100) NOT NULL,
  `opis` varchar(255) DEFAULT NULL,
  `cena_eur` decimal(7,2) NOT NULL,
  `jedinica` varchar(20) NOT NULL DEFAULT 'osobi',
  `redosled` smallint(6) NOT NULL DEFAULT 0,
  PRIMARY KEY (`id`),
  KEY `idx_dest` (`destinacija_id`),
  CONSTRAINT `fk_skola_dest` FOREIGN KEY (`destinacija_id`) REFERENCES `destinacije` (`id`) ON DELETE CASCADE
) ENGINE=InnoDB AUTO_INCREMENT=32 DEFAULT CHARSET=utf8mb4 COLLATE=utf8mb4_unicode_ci;
/*!40101 SET character_set_client = @saved_cs_client */;

--
-- Dumping data for table `skola_paketi`
--

LOCK TABLES `skola_paketi` WRITE;
/*!40000 ALTER TABLE `skola_paketi` DISABLE KEYS */;
INSERT INTO `skola_paketi` VALUES (1,1,'Grupni čas (do 6 osoba)','2h · Svi nivoi · Srpski / Engleski',18.00,'osobi',10),(2,2,'Grupni čas (do 6 osoba)','2h · Svi nivoi · Srpski / Engleski',18.00,'osobi',10),(3,3,'Grupni čas (do 6 osoba)','2h · Svi nivoi · Srpski / Engleski',18.00,'osobi',10),(4,6,'Grupni čas (do 6 osoba)','2h · Svi nivoi · Srpski / Engleski',18.00,'osobi',10),(5,8,'Grupni čas (do 6 osoba)','2h · Svi nivoi · Srpski / Engleski',18.00,'osobi',10),(6,7,'Grupni čas (do 6 osoba)','2h · Svi nivoi · Srpski / Engleski',18.00,'osobi',10),(7,1,'Individualni čas','2h · Personalizovani program',65.00,'čas',20),(8,2,'Individualni čas','2h · Personalizovani program',65.00,'čas',20),(9,3,'Individualni čas','2h · Personalizovani program',65.00,'čas',20),(10,6,'Individualni čas','2h · Personalizovani program',65.00,'čas',20),(11,8,'Individualni čas','2h · Personalizovani program',65.00,'čas',20),(12,7,'Individualni čas','2h · Personalizovani program',65.00,'čas',20),(13,1,'5-dnevni grupni kurs','2h dnevno · Sve uzraste · Sertifikat',72.00,'osobi',30),(14,2,'5-dnevni grupni kurs','2h dnevno · Sve uzraste · Sertifikat',72.00,'osobi',30),(15,3,'5-dnevni grupni kurs','2h dnevno · Sve uzraste · Sertifikat',72.00,'osobi',30),(16,6,'5-dnevni grupni kurs','2h dnevno · Sve uzraste · Sertifikat',72.00,'osobi',30),(17,8,'5-dnevni grupni kurs','2h dnevno · Sve uzraste · Sertifikat',72.00,'osobi',30),(18,7,'5-dnevni grupni kurs','2h dnevno · Sve uzraste · Sertifikat',72.00,'osobi',30),(19,1,'Snowboard starter','3h · Početnici · Oprema uključena',48.00,'osobi',40),(20,2,'Snowboard starter','3h · Početnici · Oprema uključena',48.00,'osobi',40),(21,3,'Snowboard starter','3h · Početnici · Oprema uključena',48.00,'osobi',40),(22,6,'Snowboard starter','3h · Početnici · Oprema uključena',48.00,'osobi',40),(23,8,'Snowboard starter','3h · Početnici · Oprema uključena',48.00,'osobi',40),(24,7,'Snowboard starter','3h · Početnici · Oprema uključena',48.00,'osobi',40);
/*!40000 ALTER TABLE `skola_paketi` ENABLE KEYS */;
UNLOCK TABLES;

--
-- Table structure for table `smestaj`
--

DROP TABLE IF EXISTS `smestaj`;
/*!40101 SET @saved_cs_client     = @@character_set_client */;
/*!40101 SET character_set_client = utf8 */;
CREATE TABLE `smestaj` (
  `id` int(11) NOT NULL AUTO_INCREMENT,
  `destinacija_id` int(11) NOT NULL,
  `naziv` varchar(120) NOT NULL,
  `tip_smestaja` enum('hotel','apartman','pansion','chalet') NOT NULL DEFAULT 'hotel',
  `zvezdice` tinyint(4) NOT NULL DEFAULT 3,
  `kapacitet_osoba` smallint(6) NOT NULL DEFAULT 2,
  `cena_po_noci_eur` decimal(7,2) NOT NULL DEFAULT 0.00,
  `slika_url` varchar(255) DEFAULT NULL,
  `redosled` smallint(6) NOT NULL DEFAULT 0,
  PRIMARY KEY (`id`),
  KEY `idx_dest` (`destinacija_id`),
  CONSTRAINT `fk_smestaj_dest` FOREIGN KEY (`destinacija_id`) REFERENCES `destinacije` (`id`) ON DELETE CASCADE
) ENGINE=InnoDB AUTO_INCREMENT=18 DEFAULT CHARSET=utf8mb4 COLLATE=utf8mb4_unicode_ci;
/*!40101 SET character_set_client = @saved_cs_client */;

--
-- Dumping data for table `smestaj`
--

LOCK TABLES `smestaj` WRITE;
/*!40000 ALTER TABLE `smestaj` DISABLE KEYS */;
INSERT INTO `smestaj` VALUES (1,1,'Hôtel Le Mélèze','hotel',4,2,98.00,'Slike/les-orres/h1.jpg',10),(2,1,'Résidence Les Crêtes','apartman',3,4,72.00,'Slike/les-orres/h2.jpg',20),(3,1,'Chalet du Sommet','chalet',5,6,185.00,'Slike/les-orres/h3.jpg',30),(4,2,'Hôtel Mont-Blanc','hotel',5,2,245.00,'Slike/chamonix/h1.jpg',10),(5,2,'Auberge du Bois Prin','hotel',4,2,145.00,'Slike/chamonix/h2.jpg',20),(6,2,'Chamonix Lodge','pansion',3,4,88.00,'Slike/chamonix/h3.jpg',30),(7,3,'Altapura Hotel','hotel',5,2,325.00,'Slike/val-thorens/h1.jpg',10),(8,3,'Résidence Le Cheval Blanc','apartman',4,4,160.00,'Slike/val-thorens/h2.jpg',20),(9,6,'Hotel Schwarzer Adler','hotel',4,2,185.00,'Slike/st-anton/h1.jpg',10),(10,6,'Hotel Karl Schranz','hotel',4,2,168.00,'Slike/st-anton/h2.jpg',20),(11,6,'Pension Daniela','pansion',3,3,78.00,'Slike/st-anton/h3.jpg',30),(12,7,'Grand Hotel & Spa','hotel',4,2,98.00,'Slike/kopaonik/h1.jpg',10),(13,7,'MK Mountain Resort','hotel',4,2,88.00,'Slike/kopaonik/h2.jpg',20),(14,7,'Apartmani Konaci','apartman',3,4,56.00,'Slike/kopaonik/h3.jpg',30),(15,8,'Kempinski Grand Arena','hotel',5,2,148.00,'Slike/bansko/h1.jpg',10),(16,8,'Lucky Bansko Aparthotel','apartman',4,4,74.00,'Slike/bansko/h2.jpg',20),(17,8,'Hotel Strazhite','hotel',3,2,50.00,'Slike/bansko/h3.jpg',30);
/*!40000 ALTER TABLE `smestaj` ENABLE KEYS */;
UNLOCK TABLES;

--
-- Table structure for table `staze_putanje`
--

DROP TABLE IF EXISTS `staze_putanje`;
/*!40101 SET @saved_cs_client     = @@character_set_client */;
/*!40101 SET character_set_client = utf8 */;
CREATE TABLE `staze_putanje` (
  `id` int(11) NOT NULL AUTO_INCREMENT,
  `destinacija_id` int(11) NOT NULL,
  `tip_klasa` varchar(40) NOT NULL,
  `naziv` varchar(100) DEFAULT NULL,
  `svg_d_putanja` text NOT NULL,
  `duzina_km` decimal(5,1) NOT NULL DEFAULT 0.0,
  `redosled` smallint(6) NOT NULL DEFAULT 0,
  PRIMARY KEY (`id`),
  KEY `idx_dest_tip` (`destinacija_id`,`tip_klasa`),
  CONSTRAINT `fk_putanje_dest` FOREIGN KEY (`destinacija_id`) REFERENCES `destinacije` (`id`) ON DELETE CASCADE
) ENGINE=InnoDB AUTO_INCREMENT=87 DEFAULT CHARSET=utf8mb4 COLLATE=utf8mb4_unicode_ci;
/*!40101 SET character_set_client = @saved_cs_client */;

--
-- Dumping data for table `staze_putanje`
--

LOCK TABLES `staze_putanje` WRITE;
/*!40000 ALTER TABLE `staze_putanje` DISABLE KEYS */;
INSERT INTO `staze_putanje` VALUES (1,1,'plava','La Cascade','M370 102C364.167 104.167 351 110.4 345 118C339 125.6 318.167 126.5 308.5 126C293.5 128 278 134 272 141.5C269.833 143.333 270.3 146 291.5 150C296.5 150.943 298.9 154.3 300.5 157.5C302.333 155.333 305.8 154.4 311 164C322.167 166.667 342.9 173.3 336.5 178.5C328.5 185 335.5 185.5 330.5 190C325.5 194.5 309.5 194 300.5 196M298 211.5C290.5 212.833 275.6 217.2 276 224M171.5 198.5C184 199.5 210.5 202.8 216.5 208C226 209.5 255 210 260 211.5C265 213 273.085 216.585 276 219.5C276.556 221.5 276.329 222 276 224L204 265L233 258L245.5 252L263.5 247.5C267.667 247.5 279.5 246.9 293.5 244.5C311 241.5 308.5 236 313 236C316.6 236 326.167 230.667 330.5 228C369.3 216.8 384 211.5 396.5 211.5V206C390.167 203.667 375.5 197.4 367.5 191C359.5 184.6 352.167 187.667 349.5 190M185.5 229.5C181.5 224.5 175 225.5 171.5 225C168 224.5 159 224 141 216C126.6 209.6 114.333 208 110 208C99.3333 209.5 76.9 213.9 72.5 219.5C67 226.5 103.5 231 103 242C102.318 257 110 251.5 98 270C97.1573 271.299 96.9569 272.683 96.166 274C94.5218 276.738 90.3253 279.19 72.5 280C70.3333 282.5 63.4 287.7 53 288.5C40 289.5 33.5 294.5 30 296M228.5 139.5C250.833 137.833 288.05 140.507 254.5 157.5C232 168 218.5 161 196.5 168C182.5 172.455 154.5 168 151 174.5C156.333 177.167 169.9 183.1 181.5 185.5C196 188.5 196.5 190 176 195C158.5 199.268 181.5 198.662 188 200M98 308C111.5 297 112.5 299 116 299C119.5 299 135.5 292 156 276C172.4 263.2 180.5 263.333 182.5 265M156 276C153.167 276.167 146 274 137.5 268.5C122.5 263.5 106.832 268 96.166 274M362 226L413.5 236C415.5 237.833 417.2 242.1 408 244.5C404.5 247.5 411 249 393.5 250.5C379.5 251.7 362 252 355 252C351.333 251 342.5 250 336.5 254C330.5 258 254.5 254 235.5 256.8M415.5 242C419.089 242.232 424.591 243.685 426.009 247.5M339 293.5C336.167 291.333 331.7 286.6 336.5 285C341.3 283.4 342.167 278.333 342 276H345C359.5 272.5 357.5 270 363.5 265C368.3 261 378.167 261 382.5 261.5C383 262.667 388 265 404 265C424 265 419 265 425 254C426.466 251.312 426.632 249.178 426.009 247.5M426.009 247.5C431.672 244.333 445.2 238 454 238C462.8 238 460.667 246.333 458.5 250.5C458.667 255.333 457.5 265 451.5 265C445.5 265 433.667 262.667 428.5 261.5M486.5 112.5C482.833 115.833 474 123.2 468 126C460.5 129.5 461 133.5 458.5 134C456 134.5 449.5 134.5 444 139.5C439.6 143.5 433.5 145.833 431 146.5L430.5 148.5M216.5 237.5C220.167 239.167 223.892 240.195 211.5 243.5C204 245.5 223.5 249 205.5 252C205 252.333 204.3 253.5 205.5 255.5C207 258 207 258.5 204 259C201 259.5 198 263 198 264M469.5 160H460.5C459.167 161 456.7 163.3 457.5 164.5C458.3 165.7 455.5 165.667 454 165.5',8.5,1),(2,1,'crvena','Rouge Mélèzes','M306.5 123.5C295.3 123.9 292.167 118.667 292 116C295.5 110.5 294.5 111 289.5 103.5C297.1 100.7 303.5 97 305.5 90.5C330.3 92.5 330 90.5 330 84C340.5 74.5 341 74.5 333.5 68.5C335.9 60.1 327.833 58 324 58C319.5 58 317.403 63.6563 312 66.5C302.5 71.5 299.5 74 290.5 76C289.5 79 281.6 84.2 276 85C274 86.6667 268 92.5 268.5 101C265.5 104.5 262 104.7 256 107.5',12.3,2),(10,4,'plava','Sunnegga','M 160 130 Q 290 200 420 270',16.0,1),(11,4,'crvena','Klein Matterhorn','M 200 90 Q 300 200 410 310',28.5,2),(12,4,'crna','Tiefbach','M 240 70 Q 330 200 420 290',12.0,3),(13,5,'plava','Pocol','M 140 110 Q 270 200 400 290',9.5,1),(14,5,'crvena','Olympia','M 180 90 Q 290 200 420 280',11.0,2),(15,5,'crna','Forcella Rossa','M 230 70 Q 320 200 410 310',5.5,3),(16,6,'plava','Galzig','M 120 120 Q 270 200 420 260',18.0,1),(17,6,'crvena','Kapall','M 170 90 Q 290 200 430 280',22.5,2),(18,6,'crna','Schindler Kar','M 220 70 Q 310 200 410 320',7.5,3),(19,7,'plava','Sunčana dolina','M 160 140 Q 280 200 400 260',12.0,1),(20,7,'crvena','Karaman greben','M 200 100 Q 300 200 410 280',8.5,2),(21,7,'crna','Pančićev vrh','M 250 80 Q 320 200 400 300',3.5,3),(22,8,'plava','Plato','M 150 130 Q 280 200 410 270',14.0,1),(23,8,'crvena','Bunderitsa','M 190 100 Q 300 200 420 280',12.5,2),(24,8,'crna','Tomba','M 240 80 Q 320 200 410 300',4.5,3),(25,1,'crvena','Crvena levo','M 218.2 134.4 Q 214.5 135.0 212.6 135.7 Q 210.7 136.3 209.2 136.3 Q 207.6 136.3 205.7 136.3 Q 203.8 136.3 201.3 136.3 Q 198.8 136.3 197.3 136.3 Q 195.7 136.3 194.1 136.3 Q 192.6 136.3 190.7 136.3 Q 188.8 136.3 186.6 136.3 Q 184.4 136.3 182.9 136.9 Q 181.3 137.5 179.4 138.8 Q 177.5 140.0 175.7 140.7 Q 173.8 141.3 172.2 142.5 Q 170.6 143.8 169.4 145.4 Q 168.1 146.9 167.2 148.2 Q 166.3 149.4 165.3 150.7 Q 164.4 151.9 163.4 153.2 Q 162.5 154.4 161.6 155.7 Q 160.6 156.9 158.7 157.6 Q 156.9 158.2 155.0 159.1 Q 153.1 160.1 151.2 160.7 Q 149.4 161.3 147.8 162.0 Q 146.2 162.6 144.3 162.9 Q 142.5 163.2 140.9 163.5 Q 139.3 163.8 137.8 164.1 Q 136.2 164.5 134.6 165.1 Q 133.1 165.7 131.5 166.0 Q 129.9 166.3 128.4 166.7 Q 126.8 167.0 125.2 167.0 Q 123.7 167.0 121.8 167.9 Q 119.9 168.8 118.4 168.8 Q 116.8 168.8 115.2 169.5 Q 113.7 170.1 112.1 170.7 Q 110.5 171.4 109.0 172.6 Q 107.4 173.9 106.1 174.8 Q 104.9 175.7 104.9 177.6 Q 104.9 179.5 104.6 181.1 Q 104.3 182.6 104.3 184.5 Q 104.3 186.4 104.3 187.9 Q 104.3 189.5 104.3 191.1 Q 104.3 192.6 104.3 194.2 Q 104.3 195.8 104.3 197.7 Q 104.3 199.5 103.0 200.5 Q 101.8 201.4 103.3 202.3 Q 104.9 203.3 106.5 203.9 Q 108.0 204.5 108.6 206.4 L 109.3 208.3',0.0,4),(26,1,'crvena','Crvena vrh','M 381.7 57.3 Q 378.6 57.3 376.7 57.9 Q 374.8 58.6 373.2 59.8 Q 371.7 61.1 370.4 63.0 Q 369.2 64.8 367.9 66.4 Q 366.7 68.0 362.3 69.8 Q 357.9 71.7 356.9 73.0 Q 356.0 74.2 353.2 75.5 Q 350.4 76.7 349.1 78.0 Q 347.9 79.2 346.6 80.8 Q 345.4 82.4 344.4 83.9 Q 343.5 85.5 342.2 87.1 Q 341.0 88.6 340.4 90.2 Q 339.7 91.8 338.8 94.3 Q 337.8 96.8 337.5 98.3 Q 337.2 99.9 336.6 101.5 Q 336.0 103.0 335.0 104.3 Q 334.1 105.5 332.2 106.8 Q 330.3 108.0 328.5 109.3 Q 326.6 110.5 324.4 112.1 Q 322.2 113.7 320.6 114.6 Q 319.1 115.6 317.8 116.5 Q 316.6 117.4 315.3 118.4 Q 314.1 119.3 312.2 120.9 Q 310.3 122.4 308.4 123.7 Q 306.5 125.0 305.9 126.8 Q 305.3 128.7 305.3 130.3 Q 305.3 131.8 305.3 134.3 Q 305.3 136.9 304.3 138.1 Q 303.4 139.4 302.2 141.2 Q 300.9 143.1 300.3 144.7 Q 299.6 146.2 299.6 148.7 Q 299.6 151.3 299.6 152.8 Q 299.6 154.4 299.6 155.9 Q 299.6 157.5 301.2 157.5 Q 302.8 157.5 304.3 157.5 Q 305.9 157.5 306.8 155.9 Q 307.8 154.4 307.8 152.8 Q 307.8 151.3 307.8 149.7 Q 307.8 148.1 307.8 146.6 Q 307.8 145.0 308.4 143.1 Q 309.0 141.2 310.3 140.0 Q 311.5 138.7 313.1 137.8 Q 314.7 136.9 316.2 135.6 Q 317.8 134.3 319.4 133.4 Q 320.9 132.5 322.2 131.5 Q 323.4 130.6 324.7 129.0 Q 325.9 127.5 326.6 125.9 Q 327.2 124.3 328.1 123.1 Q 329.1 121.8 330.6 121.5 Q 332.2 121.2 333.5 120.3 Q 334.7 119.3 336.3 118.7 Q 337.8 118.1 339.4 117.4 Q 341.0 116.8 342.2 114.9 Q 343.5 113.1 343.8 111.5 Q 344.1 109.9 345.0 108.7 Q 346.0 107.4 346.3 105.9 Q 346.6 104.3 347.9 102.7 Q 349.1 101.2 350.4 100.2 Q 351.6 99.3 352.9 98.3 Q 354.1 97.4 355.4 96.1 Q 356.6 94.9 358.2 94.3 Q 359.8 93.6 361.6 92.7 Q 363.5 91.8 365.1 91.1 Q 366.7 90.5 368.8 89.6 Q 371.0 88.6 372.6 87.1 Q 374.2 85.5 375.7 83.6 Q 377.3 81.7 377.6 79.6 Q 377.9 77.4 377.9 74.9 Q 377.9 72.3 378.2 70.5 Q 378.6 68.6 378.6 66.7 Q 378.6 64.8 378.6 63.3 Q 378.6 61.7 379.2 59.8 Q 379.8 57.9 381.1 57.0 Q 382.3 56.1 383.9 55.4 Q 385.4 54.8 387.0 54.2 Q 388.6 53.6 390.1 52.9 Q 391.7 52.3 393.3 53.2 Q 394.8 54.2 396.4 54.5 Q 398.0 54.8 399.5 55.8 Q 401.1 56.7 403.0 57.0 Q 404.9 57.3 406.4 57.3 Q 408.0 57.3 409.5 57.3 Q 411.1 57.3 412.7 57.3 Q 414.2 57.3 415.8 57.3 Q 417.4 57.3 418.9 57.3 Q 420.5 57.3 423.3 57.3 Q 426.1 57.3 427.7 57.3 Q 429.3 57.3 431.5 57.3 Q 433.7 57.3 435.2 57.0 Q 436.8 56.7 438.4 56.7 Q 439.9 56.7 441.5 56.7 Q 443.1 56.7 444.6 56.4 Q 446.2 56.1 447.7 56.1 Q 449.3 56.1 450.9 56.1 Q 452.4 56.1 454.6 56.4 Q 456.8 56.7 458.4 57.0 Q 460.0 57.3 461.5 57.6 Q 463.1 57.9 464.7 57.9 Q 466.2 57.9 468.1 58.3 Q 470.0 58.6 471.5 58.6 Q 473.1 58.6 474.4 59.5 Q 475.6 60.5 475.3 62.0 Q 475.0 63.6 473.4 64.5 Q 471.9 65.5 473.4 65.5 Q 475.0 65.5 476.6 65.5 Q 478.1 65.5 479.7 65.5 Q 481.3 65.5 482.5 66.7 Q 483.8 68.0 483.4 69.5 Q 483.1 71.1 484.7 71.7 Q 486.3 72.3 487.5 73.3 Q 488.8 74.2 490.0 75.2 Q 491.3 76.1 492.5 77.4 Q 493.8 78.6 495.0 79.9 Q 496.3 81.1 497.8 82.4 Q 499.4 83.6 501.0 83.6 Q 502.5 83.6 504.1 83.6 Q 505.7 83.6 507.2 83.6 Q 508.8 83.6 510.4 84.9 Q 511.9 86.1 512.9 87.4 Q 513.8 88.6 514.4 90.2 Q 515.1 91.8 516.0 93.3 Q 516.9 94.9 518.2 96.5 Q 519.5 98.0 520.1 99.9 Q 520.7 101.8 520.7 103.3 Q 520.7 104.9 521.6 106.2 Q 522.6 107.4 522.9 109.0 Q 523.2 110.5 524.1 111.8 Q 525.1 113.1 526.0 114.6 Q 527.0 116.2 528.5 117.4 Q 530.1 118.7 531.7 118.7 Q 533.2 118.7 534.8 118.4 Q 536.4 118.1 538.2 118.1 Q 540.1 118.1 541.7 118.7 Q 543.2 119.3 544.5 120.3 Q 545.8 121.2 547.6 121.8 Q 549.5 122.4 551.1 123.1 Q 552.6 123.7 554.2 124.0 Q 555.8 124.3 556.7 125.6 Q 557.7 126.8 558.6 128.7 Q 559.5 130.6 560.8 131.5 Q 562.0 132.5 563.3 133.4 Q 564.5 134.3 565.8 135.6 Q 567.0 136.9 568.9 138.1 Q 570.8 139.4 572.4 140.6 Q 573.9 141.9 575.8 142.5 Q 577.7 143.1 578.9 144.1 Q 580.2 145.0 581.8 145.3 Q 583.3 145.6 584.9 145.6 Q 586.5 145.6 588.3 145.6 Q 590.2 145.6 591.8 145.6 Q 593.3 145.6 594.9 146.2 Q 596.5 146.9 598.0 146.9 Q 599.6 146.9 601.2 148.4 Q 602.7 150.0 603.7 151.6 Q 604.6 153.1 604.6 154.7 Q 604.6 156.3 605.2 157.8 Q 605.9 159.4 607.1 160.6 Q 608.4 161.9 609.9 162.8 Q 611.5 163.8 613.1 165.0 Q 614.6 166.3 615.9 167.5 Q 617.1 168.8 618.4 169.7 Q 619.6 170.7 620.9 172.2 Q 622.2 173.8 623.4 175.7 Q 624.7 177.6 625.9 179.4 Q 627.2 181.3 628.7 183.5 Q 630.3 185.7 630.6 187.3 Q 630.9 188.8 629.0 189.1 Q 627.2 189.5 625.9 190.7 Q 624.7 192.0 624.3 193.5 Q 624.0 195.1 622.8 196.3 Q 621.5 197.6 620.6 198.8 Q 619.6 200.1 617.8 200.7 Q 615.9 201.4 614.3 202.3 Q 612.8 203.2 611.2 203.9 Q 609.6 204.5 607.7 205.1 Q 605.9 205.7 604.0 206.4 Q 602.1 207.0 600.5 207.6 Q 599.0 208.2 597.4 208.2 Q 595.9 208.2 594.3 207.9 Q 592.7 207.6 591.2 207.0 Q 589.6 206.4 588.0 206.4 Q 586.5 206.4 584.9 207.0 Q 583.3 207.6 582.1 208.6 Q 580.8 209.5 579.3 210.4 Q 577.7 211.4 576.1 212.0 Q 574.6 212.6 573.0 212.6 Q 571.4 212.6 569.2 212.9 Q 567.0 213.2 565.5 213.2 Q 563.9 213.2 562.3 213.9 Q 560.8 214.5 559.2 214.8 Q 557.7 215.1 556.1 215.8 Q 554.5 216.4 553.0 216.4 Q 551.4 216.4 549.2 216.4 Q 547.0 216.4 545.1 217.0 Q 543.2 217.6 540.7 217.9 Q 538.2 218.3 536.7 218.6 Q 535.1 218.9 533.5 218.9 Q 532.0 218.9 530.4 219.5 Q 528.8 220.1 526.3 220.5 Q 523.8 220.8 522.0 221.4 Q 520.1 222.0 517.3 223.0 Q 514.4 223.9 513.2 224.8 Q 511.9 225.8 510.4 226.1 Q 508.8 226.4 507.2 226.7 Q 505.7 227.0 504.1 227.0 Q 502.5 227.0 500.7 227.0 Q 498.8 227.0 497.2 227.0 Q 495.7 227.0 494.1 227.0 Q 492.5 227.0 491.0 227.3 Q 489.4 227.7 486.9 228.3 Q 484.4 228.9 481.9 229.2 Q 479.4 229.5 478.1 230.5 Q 476.9 231.4 475.6 232.3 Q 474.4 233.3 472.8 234.2 Q 471.2 235.2 469.7 235.8 Q 468.1 236.4 466.2 237.0 L 464.3 237.7',0.0,5),(27,1,'crvena','Crvena sredina levo','M 415.4 57.9 Q 418.5 57.9 420.4 58.5 Q 422.3 59.2 423.8 59.5 Q 425.4 59.8 427.3 60.1 Q 429.2 60.4 430.4 61.3 Q 431.7 62.3 433.2 62.9 Q 434.8 63.5 436.4 63.9 Q 437.9 64.2 439.5 64.2 Q 441.1 64.2 443.3 64.2 Q 445.4 64.2 447.0 63.9 Q 448.6 63.5 450.5 63.5 Q 452.3 63.5 453.9 63.9 Q 455.5 64.2 457.3 65.1 Q 459.2 66.0 460.5 67.6 Q 461.7 69.2 462.3 70.7 Q 463.0 72.3 464.2 73.9 Q 465.5 75.4 466.7 76.4 Q 468.0 77.3 469.2 78.2 Q 470.5 79.2 472.4 79.2 Q 474.2 79.2 475.8 79.8 Q 477.4 80.4 479.2 80.4 Q 481.1 80.4 482.7 80.4 Q 484.3 80.4 486.1 80.4 Q 488.0 80.4 489.3 81.4 Q 490.5 82.3 489.0 83.3 Q 487.4 84.2 485.5 84.5 Q 483.6 84.8 482.1 85.1 Q 480.5 85.4 478.6 85.4 Q 476.7 85.4 475.2 85.4 Q 473.6 85.4 472.1 84.8 Q 470.5 84.2 468.9 84.2 Q 467.4 84.2 465.5 84.2 Q 463.6 84.2 462.0 84.5 Q 460.5 84.8 458.6 85.4 Q 456.7 86.1 455.5 87.0 Q 454.2 88.0 452.6 88.3 Q 451.1 88.6 449.5 89.2 Q 447.9 89.8 446.4 90.1 Q 444.8 90.5 442.6 91.4 Q 440.4 92.3 438.9 93.0 Q 437.3 93.6 435.1 93.9 Q 432.9 94.2 431.0 94.8 Q 429.2 95.5 427.6 95.8 Q 426.0 96.1 424.8 97.0 Q 423.5 98.0 422.3 98.9 Q 421.0 99.8 421.0 101.4 Q 421.0 103.0 422.6 104.2 Q 424.2 105.5 424.2 107.4 Q 424.2 109.2 423.5 110.8 Q 422.9 112.4 424.5 113.3 Q 426.0 114.2 426.4 115.8 Q 426.7 117.4 426.4 118.9 Q 426.0 120.5 424.8 121.4 Q 423.5 122.4 422.9 123.9 Q 422.3 125.5 421.7 127.1 Q 421.0 128.6 422.6 129.6 Q 424.2 130.5 425.1 131.8 Q 426.0 133.0 427.0 134.3 Q 427.9 135.5 428.2 137.1 Q 428.5 138.7 428.5 140.2 Q 428.5 141.8 428.9 143.4 Q 429.2 144.9 431.0 145.5 Q 432.9 146.2 434.2 147.1 Q 435.4 148.0 437.0 148.7 Q 438.6 149.3 439.5 150.9 Q 440.4 152.4 442.0 153.7 Q 443.6 154.9 445.1 155.2 Q 446.7 155.6 448.3 155.6 Q 449.8 155.6 451.4 156.2 Q 453.0 156.8 454.2 157.7 Q 455.5 158.7 455.5 160.9 Q 455.5 163.1 454.2 164.0 Q 453.0 164.9 452.0 166.2 Q 451.1 167.5 450.8 169.0 Q 450.5 170.6 448.3 171.2 Q 446.1 171.8 444.8 172.8 Q 443.6 173.7 443.3 175.9 Q 442.9 178.1 443.9 179.3 Q 444.8 180.6 445.8 181.8 Q 446.7 183.1 447.9 184.4 Q 449.2 185.6 450.5 186.5 Q 451.7 187.5 453.0 188.4 Q 454.2 189.4 454.8 191.2 Q 455.5 193.1 455.5 194.7 Q 455.5 196.2 454.2 197.5 Q 453.0 198.8 451.7 200.3 Q 450.5 201.9 449.2 203.1 Q 447.9 204.4 447.0 206.0 Q 446.1 207.5 445.8 209.1 Q 445.4 210.6 445.8 212.2 Q 446.1 213.8 447.3 214.7 Q 448.6 215.7 450.5 216.6 Q 452.3 217.5 453.6 218.5 Q 454.8 219.4 454.8 221.0 Q 454.8 222.5 454.8 224.1 Q 454.8 225.7 454.8 227.2 Q 454.8 228.8 455.1 230.4 Q 455.5 231.9 455.5 233.8 Q 455.5 235.7 455.5 237.3 L 455.5 238.8',0.0,6),(28,1,'crvena','Crveni desno','M 486.8 86.1 Q 483.0 87.3 481.4 88.3 Q 479.9 89.2 478.3 89.8 Q 476.7 90.5 474.9 91.4 Q 473.0 92.3 471.1 93.3 Q 469.2 94.2 467.7 94.8 Q 466.1 95.5 465.5 97.0 Q 464.9 98.6 465.5 100.8 Q 466.1 103.0 468.3 103.3 Q 470.5 103.6 471.7 104.5 Q 473.0 105.5 475.2 106.1 Q 477.4 106.7 478.9 107.7 Q 480.5 108.6 482.1 109.5 Q 483.6 110.5 485.8 111.4 Q 488.0 112.4 489.3 113.3 Q 490.5 114.2 492.1 114.9 Q 493.6 115.5 495.2 116.4 Q 496.8 117.4 499.0 118.3 Q 501.2 119.3 503.7 120.2 Q 506.2 121.1 508.4 121.8 Q 510.5 122.4 511.8 123.3 Q 513.1 124.3 514.9 124.6 Q 516.8 124.9 518.4 125.5 Q 519.9 126.1 520.6 127.7 Q 521.2 129.3 523.1 129.9 Q 524.9 130.5 526.5 130.5 Q 528.1 130.5 530.3 130.5 Q 532.5 130.5 534.0 131.5 Q 535.6 132.4 537.8 132.7 Q 540.0 133.0 541.8 133.0 Q 543.7 133.0 542.2 134.9 Q 540.6 136.8 538.4 137.4 Q 536.2 138.0 535.0 139.0 Q 533.7 139.9 532.5 141.2 Q 531.2 142.4 529.6 143.4 Q 528.1 144.3 526.8 145.2 Q 525.6 146.2 524.0 147.1 Q 522.4 148.0 520.6 149.0 Q 518.7 149.9 517.1 150.9 Q 515.6 151.8 514.3 152.7 Q 513.1 153.7 510.9 154.6 Q 508.7 155.6 507.1 156.5 Q 505.5 157.4 504.3 158.4 Q 503.0 159.3 500.8 160.3 Q 498.7 161.2 497.4 162.1 Q 496.2 163.1 494.6 163.4 Q 493.0 163.7 491.8 164.6 Q 490.5 165.6 489.0 165.9 Q 487.4 166.2 485.8 166.8 Q 484.3 167.5 482.7 168.1 Q 481.1 168.7 479.6 169.0 Q 478.0 169.3 476.1 169.0 Q 474.2 168.7 472.7 168.7 Q 471.1 168.7 469.5 168.4 Q 468.0 168.1 466.1 168.1 Q 464.2 168.1 462.7 168.1 Q 461.1 168.1 459.2 167.5 Q 457.3 166.8 455.5 167.1 Q 453.6 167.5 452.0 168.4 Q 450.5 169.3 449.8 171.5 Q 449.2 173.7 447.9 175.0 Q 446.7 176.2 445.1 177.2 Q 443.6 178.1 442.0 179.0 Q 440.4 180.0 438.2 181.2 Q 436.1 182.5 434.5 182.8 Q 432.9 183.1 432.6 185.0 Q 432.3 186.9 431.7 188.4 Q 431.0 190.0 429.8 190.9 Q 428.5 191.9 427.3 193.1 Q 426.0 194.4 424.5 195.6 Q 422.9 196.9 421.7 197.8 Q 420.4 198.8 417.9 199.7 Q 415.4 200.6 413.5 200.9 Q 411.6 201.3 410.1 201.9 Q 408.5 202.5 406.9 202.5 Q 405.4 202.5 403.8 202.5 Q 402.3 202.5 400.7 202.5 Q 399.1 202.5 397.2 202.8 Q 395.4 203.1 393.8 203.1 L 392.2 203.1',0.0,7),(29,1,'crvena','Crvena sredina','M 363.4 108.0 Q 365.3 111.1 367.2 111.1 Q 369.1 111.1 370.6 111.1 Q 372.2 111.1 373.8 110.8 Q 375.3 110.5 376.9 110.5 Q 378.5 110.5 380.0 110.2 Q 381.6 109.9 383.5 109.5 Q 385.4 109.2 386.9 109.2 Q 388.5 109.2 390.4 109.9 Q 392.2 110.5 393.5 111.7 Q 394.7 113.0 395.7 114.2 Q 396.6 115.5 397.6 117.4 Q 398.5 119.3 399.4 120.5 Q 400.4 121.8 401.6 123.6 Q 402.9 125.5 403.2 127.1 Q 403.5 128.6 404.4 129.9 Q 405.4 131.1 405.4 132.7 Q 405.4 134.3 406.6 135.5 Q 407.9 136.8 409.1 137.7 Q 410.4 138.7 411.6 139.6 Q 412.9 140.5 414.1 142.1 Q 415.4 143.7 416.7 144.9 Q 417.9 146.2 419.8 146.5 Q 421.7 146.8 423.2 146.8 Q 424.8 146.8 426.7 146.8 Q 428.5 146.8 430.1 146.8 Q 431.7 146.8 433.6 146.8 Q 435.4 146.8 436.4 148.0 Q 437.3 149.3 438.6 150.6 L 439.8 151.8',0.0,8),(30,1,'crvena','Crvena sredina','M 381.0 110.5 Q 381.0 115.5 381.9 116.7 Q 382.8 118.0 384.1 119.3 Q 385.4 120.5 387.2 120.5 Q 389.1 120.5 391.0 119.9 Q 392.9 119.3 391.3 119.3 Q 389.7 119.3 388.2 119.9 Q 386.6 120.5 384.7 121.8 Q 382.8 123.0 382.8 124.9 Q 382.8 126.8 382.8 128.6 Q 382.8 130.5 382.8 132.4 Q 382.8 134.3 382.5 135.8 Q 382.2 137.4 381.0 138.7 Q 379.7 139.9 378.8 141.5 Q 377.8 143.0 376.9 144.3 Q 376.0 145.5 375.6 147.1 Q 375.3 148.7 374.4 149.9 Q 373.5 151.2 372.2 152.1 Q 371.0 153.1 369.7 154.0 Q 368.5 154.9 366.9 155.2 Q 365.3 155.6 364.1 156.5 Q 362.8 157.4 361.9 158.7 Q 360.9 159.9 360.9 161.5 Q 360.9 163.1 361.9 164.3 Q 362.8 165.6 363.4 167.5 Q 364.1 169.3 364.1 171.2 Q 364.1 173.1 362.2 173.4 Q 360.3 173.7 358.7 173.7 Q 357.2 173.7 355.3 174.7 Q 353.4 175.6 351.9 176.5 Q 350.3 177.5 348.1 178.4 Q 345.9 179.3 344.4 180.0 Q 342.8 180.6 341.2 181.2 Q 339.7 181.8 338.1 182.2 Q 336.5 182.5 335.0 183.7 Q 333.4 185.0 333.7 186.5 Q 334.0 188.1 335.3 189.4 Q 336.5 190.6 335.0 191.9 Q 333.4 193.1 332.1 194.4 Q 330.9 195.6 329.6 196.6 Q 328.4 197.5 326.8 198.4 Q 325.3 199.4 324.0 200.3 Q 322.8 201.3 320.9 202.2 Q 319.0 203.1 317.1 204.1 Q 315.2 205.0 313.7 205.6 Q 312.1 206.3 310.5 206.9 Q 309.0 207.5 306.5 208.5 Q 304.0 209.4 302.4 210.3 Q 300.8 211.3 299.6 213.5 Q 298.3 215.7 296.5 216.9 Q 294.6 218.2 293.3 219.1 Q 292.1 220.0 290.2 220.3 Q 288.3 220.7 286.8 221.3 Q 285.2 221.9 283.6 222.2 Q 282.1 222.5 280.5 223.5 Q 278.9 224.4 277.4 225.7 L 275.8 226.9',0.0,9),(31,1,'crvena','crv','M 379.1 150.6 Q 376.0 150.6 373.8 150.2 Q 371.6 149.9 370.0 149.9 Q 368.5 149.9 366.9 150.2 Q 365.3 150.6 364.1 151.8 Q 362.8 153.1 361.6 154.3 Q 360.3 155.6 359.1 156.5 Q 357.8 157.4 355.9 157.7 Q 354.1 158.1 352.2 158.4 Q 350.3 158.7 348.4 159.3 Q 346.5 159.9 345.0 160.3 Q 343.4 160.6 341.8 160.6 Q 340.3 160.6 339.0 161.5 Q 337.8 162.4 336.2 162.8 Q 334.6 163.1 332.5 164.0 Q 330.3 164.9 328.4 165.6 Q 326.5 166.2 324.6 166.5 Q 322.8 166.8 321.2 166.8 Q 319.6 166.8 318.1 166.8 Q 316.5 166.8 314.6 167.1 Q 312.7 167.5 311.2 167.8 Q 309.6 168.1 307.7 168.1 Q 305.9 168.1 304.3 168.7 Q 302.7 169.3 300.8 169.6 Q 299.0 170.0 297.4 170.6 Q 295.8 171.2 295.5 173.4 Q 295.2 175.6 295.2 177.2 Q 295.2 178.7 294.9 180.6 Q 294.6 182.5 294.6 184.0 Q 294.6 185.6 295.5 186.9 Q 296.5 188.1 297.4 189.4 Q 298.3 190.6 299.3 191.9 Q 300.2 193.1 301.5 194.4 Q 302.7 195.6 303.3 197.8 Q 304.0 200.0 304.0 201.6 Q 304.0 203.1 302.7 204.4 Q 301.5 205.6 300.5 206.9 L 299.6 208.1',0.0,10),(32,1,'plava','crv','M 300.2 157.4 Q 297.7 159.3 297.1 161.2 Q 296.5 163.1 295.5 164.3 Q 294.6 165.6 294.0 167.8 Q 293.3 170.0 292.7 171.5 Q 292.1 173.1 291.8 175.0 Q 291.5 176.8 291.1 178.4 Q 290.8 180.0 290.5 181.5 Q 290.2 183.1 290.2 184.7 Q 290.2 186.2 290.2 187.8 Q 290.2 189.4 289.6 190.9 Q 289.0 192.5 287.1 192.8 Q 285.2 193.1 283.6 194.1 Q 282.1 195.0 280.2 195.9 Q 278.3 196.9 276.7 197.5 Q 275.2 198.1 273.6 199.1 Q 272.1 200.0 271.1 201.6 Q 270.2 203.1 270.2 205.0 Q 270.2 206.9 269.5 208.5 Q 268.9 210.0 268.3 211.6 Q 267.7 213.1 265.5 214.7 Q 263.3 216.3 261.7 216.6 Q 260.2 216.9 258.9 217.8 Q 257.7 218.8 256.4 219.7 Q 255.1 220.7 253.9 221.6 Q 252.6 222.5 251.4 223.5 Q 250.1 224.4 248.3 225.4 L 246.4 226.3',0.0,11),(33,1,'crvena','Crvena','M 290.2 178.7 Q 288.3 176.2 287.4 175.0 Q 286.4 173.7 284.6 172.8 Q 282.7 171.8 281.1 171.2 Q 279.6 170.6 277.7 169.6 Q 275.8 168.7 274.2 168.1 Q 272.7 167.5 269.5 167.1 Q 266.4 166.8 264.5 166.8 Q 262.7 166.8 260.8 166.8 Q 258.9 166.8 257.0 167.1 Q 255.1 167.5 253.0 168.7 Q 250.8 170.0 249.2 170.9 Q 247.6 171.8 245.8 172.8 Q 243.9 173.7 242.3 174.7 Q 240.8 175.6 239.5 176.8 Q 238.2 178.1 236.7 178.7 Q 235.1 179.3 233.9 180.3 Q 232.6 181.2 232.0 183.1 Q 231.4 185.0 230.4 186.2 Q 229.5 187.5 229.5 189.0 Q 229.5 190.6 228.2 191.9 Q 227.0 193.1 225.1 193.7 Q 223.2 194.4 221.7 194.7 Q 220.1 195.0 218.8 196.6 Q 217.6 198.1 216.7 199.4 Q 215.7 200.6 214.8 201.9 Q 213.8 203.1 213.5 204.7 Q 213.2 206.3 212.3 208.1 Q 211.3 210.0 210.1 211.3 Q 208.8 212.5 207.3 213.1 Q 205.7 213.8 204.4 214.7 Q 203.2 215.7 201.6 216.3 Q 200.1 216.9 198.5 217.2 Q 196.9 217.5 195.1 218.2 Q 193.2 218.8 191.9 219.7 Q 190.7 220.7 190.7 222.2 Q 190.7 223.8 191.0 226.0 Q 191.3 228.2 191.3 230.1 Q 191.3 231.9 192.9 232.2 Q 194.4 232.6 196.6 232.6 Q 198.8 232.6 200.4 232.9 Q 201.9 233.2 202.9 235.7 Q 203.8 238.2 203.8 239.8 Q 203.8 241.3 203.8 243.5 Q 203.8 245.7 203.8 248.2 Q 203.8 250.7 203.2 252.6 Q 202.6 254.5 201.3 255.7 Q 200.1 257.0 198.8 258.2 Q 197.6 259.5 197.6 261.0 Q 197.6 262.6 196.6 264.2 L 195.7 265.7',0.0,12),(34,1,'crvena','Crvena','M 171.9 200.6 Q 175.0 200.6 176.6 200.9 Q 178.2 201.3 179.7 201.3 Q 181.3 201.3 182.8 201.6 Q 184.4 201.9 186.0 202.5 Q 187.5 203.1 189.7 203.1 Q 191.9 203.1 193.5 203.4 Q 195.1 203.8 196.9 204.4 Q 198.8 205.0 200.1 206.3 Q 201.3 207.5 201.3 209.1 Q 201.3 210.6 200.1 211.6 Q 198.8 212.5 197.6 213.5 Q 196.3 214.4 195.1 215.3 Q 193.8 216.3 192.6 217.2 Q 191.3 218.2 190.4 219.4 Q 189.4 220.7 189.4 222.2 Q 189.4 223.8 189.1 225.4 Q 188.8 226.9 188.8 228.8 Q 188.8 230.7 188.8 232.2 Q 188.8 233.8 190.4 233.8 Q 191.9 233.8 193.2 235.1 Q 194.4 236.3 195.7 237.2 Q 196.9 238.2 197.9 239.4 Q 198.8 240.7 197.6 242.6 Q 196.3 244.4 195.1 245.7 Q 193.8 247.0 193.5 248.5 Q 193.2 250.1 194.1 251.6 Q 195.1 253.2 195.4 254.8 Q 195.7 256.3 194.7 257.6 Q 193.8 258.8 192.6 259.8 Q 191.3 260.7 190.4 262.0 L 189.4 263.2',0.0,13),(35,1,'crvena','Crvena','M 154.4 201.3 Q 153.7 205.0 153.1 206.6 Q 152.5 208.1 151.5 209.4 Q 150.6 210.6 149.7 211.9 Q 148.7 213.1 147.2 214.1 Q 145.6 215.0 144.0 216.0 Q 142.5 216.9 140.6 217.5 Q 138.7 218.2 137.2 219.4 Q 135.6 220.7 134.0 221.6 Q 132.5 222.5 131.2 223.5 Q 130.0 224.4 130.0 226.0 Q 130.0 227.5 130.9 229.1 Q 131.8 230.7 132.1 232.2 Q 132.5 233.8 132.5 236.0 Q 132.5 238.2 132.5 239.8 Q 132.5 241.3 131.8 242.9 Q 131.2 244.4 130.0 246.0 Q 128.7 247.6 127.1 248.8 Q 125.6 250.1 124.0 251.3 Q 122.4 252.6 121.2 253.5 Q 119.9 254.5 118.7 255.4 Q 117.4 256.3 115.9 257.0 Q 114.3 257.6 112.7 258.2 Q 111.2 258.8 109.6 259.8 Q 108.0 260.7 107.1 262.0 Q 106.2 263.2 105.2 264.5 Q 104.3 265.7 103.0 266.7 Q 101.8 267.6 100.5 268.9 Q 99.3 270.1 98.7 271.7 Q 98.0 273.2 97.1 274.8 Q 96.2 276.4 94.9 277.3 Q 93.6 278.3 92.1 279.2 Q 90.5 280.1 89.3 281.1 Q 88.0 282.0 86.8 282.9 Q 85.5 283.9 84.6 285.5 Q 83.6 287.0 83.6 288.9 Q 83.6 290.8 83.9 292.3 Q 84.3 293.9 84.3 295.8 Q 84.3 297.7 83.3 299.2 Q 82.4 300.8 81.4 302.0 Q 80.5 303.3 79.9 304.9 Q 79.2 306.4 79.6 308.0 Q 79.9 309.6 81.1 311.1 Q 82.4 312.7 83.6 315.2 L 84.9 317.7',0.0,14),(36,1,'crvena','Crvena','M 384.7 58.5 Q 387.9 59.2 389.1 60.1 Q 390.4 61.0 390.0 62.6 Q 389.7 64.2 388.2 64.8 Q 386.6 65.4 385.0 66.7 Q 383.5 67.9 381.9 69.2 Q 380.3 70.4 379.7 72.0 Q 379.1 73.6 378.5 75.1 L 377.8 76.7',0.0,15),(37,1,'crna','crna','M 488.0 87.3 Q 490.5 91.1 490.5 92.6 Q 490.5 94.2 489.9 96.1 Q 489.3 98.0 489.0 99.5 Q 488.6 101.1 488.3 103.0 Q 488.0 104.9 488.0 106.4 Q 488.0 108.0 488.0 109.9 Q 488.0 111.7 488.3 113.6 Q 488.6 115.5 490.2 116.7 Q 491.8 118.0 492.7 119.3 Q 493.6 120.5 494.9 121.8 Q 496.2 123.0 496.8 124.6 Q 497.4 126.1 498.0 127.7 Q 498.7 129.3 499.0 130.8 Q 499.3 132.4 499.3 134.3 Q 499.3 136.2 499.3 138.0 Q 499.3 139.9 499.3 141.5 Q 499.3 143.0 499.0 144.9 Q 498.7 146.8 498.3 148.7 Q 498.0 150.6 496.8 151.5 Q 495.5 152.4 494.3 153.7 Q 493.0 154.9 491.5 155.2 Q 489.9 155.6 487.7 156.2 Q 485.5 156.8 483.9 157.4 Q 482.4 158.1 481.4 159.6 Q 480.5 161.2 480.2 163.1 Q 479.9 164.9 478.9 166.2 Q 478.0 167.5 476.7 169.0 Q 475.5 170.6 473.6 170.9 Q 471.7 171.2 470.5 172.1 Q 469.2 173.1 469.5 174.7 Q 469.9 176.2 470.2 178.1 Q 470.5 180.0 470.8 181.5 Q 471.1 183.1 470.8 184.7 Q 470.5 186.2 468.6 186.9 Q 466.7 187.5 465.2 188.1 Q 463.6 188.7 462.3 190.0 Q 461.1 191.2 460.2 192.5 Q 459.2 193.7 459.2 195.3 Q 459.2 196.9 458.6 198.4 Q 458.0 200.0 456.1 200.3 Q 454.2 200.6 453.0 201.6 Q 451.7 202.5 450.8 203.8 Q 449.8 205.0 450.8 206.3 Q 451.7 207.5 451.7 209.1 Q 451.7 210.6 450.1 211.6 Q 448.6 212.5 450.1 213.1 Q 451.7 213.8 453.3 214.1 Q 454.8 214.4 456.1 215.3 Q 457.3 216.3 458.6 217.5 Q 459.8 218.8 461.1 219.7 Q 462.3 220.7 463.3 221.9 Q 464.2 223.2 462.3 224.4 Q 460.5 225.7 458.6 225.7 Q 456.7 225.7 457.3 227.2 Q 458.0 228.8 459.5 229.7 Q 461.1 230.7 462.0 231.9 Q 463.0 233.2 461.7 234.1 Q 460.5 235.1 459.2 236.0 L 458.0 236.9',0.0,16),(38,1,'plava','plv','M 479.9 160.6 Q 476.1 160.6 474.6 160.6 Q 473.0 160.6 470.8 160.6 Q 468.6 160.6 467.0 160.6 Q 465.5 160.6 463.9 160.6 Q 462.3 160.6 460.8 160.6 Q 459.2 160.6 458.3 162.4 L 457.3 164.3',0.0,17),(39,1,'crna','crna','M 376.0 151.2 Q 379.1 154.3 381.0 154.9 Q 382.8 155.6 384.4 155.6 Q 386.0 155.6 387.5 155.6 Q 389.1 155.6 390.7 155.9 Q 392.2 156.2 393.5 157.1 Q 394.7 158.1 395.7 159.3 Q 396.6 160.6 395.7 162.8 Q 394.7 164.9 393.5 166.2 Q 392.2 167.5 390.7 167.8 Q 389.1 168.1 387.9 169.3 Q 386.6 170.6 385.0 171.8 Q 383.5 173.1 383.2 174.7 Q 382.8 176.2 383.2 178.4 Q 383.5 180.6 384.7 181.8 Q 386.0 183.1 386.9 184.4 Q 387.9 185.6 387.9 187.5 Q 387.9 189.4 386.9 190.6 Q 386.0 191.9 386.0 193.7 Q 386.0 195.6 386.9 197.2 Q 387.9 198.8 388.8 200.3 L 389.7 201.9',0.0,18),(40,1,'crna','crna','M 223.8 136.8 Q 227.6 138.7 229.5 139.6 Q 231.4 140.5 232.9 140.5 Q 234.5 140.5 236.1 140.5 Q 237.6 140.5 238.9 141.8 Q 240.1 143.0 238.9 144.6 Q 237.6 146.2 236.1 147.1 Q 234.5 148.0 233.2 149.0 Q 232.0 149.9 230.4 150.2 Q 228.9 150.6 227.6 151.5 Q 226.4 152.4 224.8 152.7 Q 223.2 153.1 221.7 153.1 Q 220.1 153.1 218.2 153.7 Q 216.3 154.3 214.5 154.6 Q 212.6 154.9 210.7 155.2 Q 208.8 155.6 206.9 155.9 Q 205.1 156.2 202.9 156.8 Q 200.7 157.4 199.1 158.1 Q 197.6 158.7 195.7 158.7 Q 193.8 158.7 192.2 158.7 Q 190.7 158.7 189.7 159.9 Q 188.8 161.2 190.0 162.1 Q 191.3 163.1 191.9 165.3 Q 192.6 167.5 191.6 168.7 Q 190.7 170.0 189.1 170.3 Q 187.5 170.6 185.7 171.2 Q 183.8 171.8 182.2 172.5 Q 180.7 173.1 179.4 174.3 Q 178.2 175.6 176.9 176.5 Q 175.6 177.5 174.1 178.1 Q 172.5 178.7 171.0 179.7 Q 169.4 180.6 168.1 181.5 Q 166.9 182.5 165.6 183.4 Q 164.4 184.4 162.8 184.7 Q 161.3 185.0 159.7 185.6 Q 158.1 186.2 156.9 187.5 Q 155.6 188.7 154.7 190.0 Q 153.7 191.2 152.5 192.5 Q 151.2 193.7 150.0 194.7 Q 148.7 195.6 146.9 195.9 Q 145.0 196.2 143.4 196.2 Q 141.8 196.2 139.7 197.2 Q 137.5 198.1 135.0 198.1 Q 132.5 198.1 129.6 199.1 Q 126.8 200.0 123.7 200.6 Q 120.6 201.3 119.0 201.9 Q 117.4 202.5 116.2 203.4 Q 114.9 204.4 113.7 205.3 L 112.4 206.3',0.0,19),(41,2,'crvena','Crvena Levo','M 289.6 345.4 Q 286.4 344.7 284.9 344.1 Q 283.3 343.4 281.8 342.8 Q 280.2 342.1 278.9 340.8 Q 277.7 339.5 275.2 338.2 Q 272.7 336.9 271.1 335.6 Q 269.5 334.3 266.4 333.0 Q 263.3 331.8 256.7 328.5 Q 250.1 325.3 248.9 324.3 Q 247.6 323.3 246.1 323.0 Q 244.5 322.7 242.9 322.0 Q 241.4 321.4 239.8 320.4 Q 238.2 319.4 236.7 318.8 Q 235.1 318.1 233.6 317.5 Q 232.0 316.9 230.4 316.5 Q 228.9 316.2 227.6 315.2 Q 226.4 314.3 223.8 312.0 Q 221.3 309.7 219.2 309.7 Q 217.0 309.7 215.7 308.4 Q 214.5 307.1 212.6 306.2 Q 210.7 305.2 209.1 303.6 Q 207.6 302.0 206.0 301.0 Q 204.4 300.0 202.3 299.0 Q 200.1 298.1 198.2 296.8 Q 196.3 295.5 194.7 294.8 Q 193.2 294.2 191.6 293.2 Q 190.0 292.2 188.8 291.3 Q 187.5 290.3 186.3 289.3 Q 185.0 288.4 183.5 287.4 Q 181.9 286.4 180.0 284.8 Q 178.2 283.2 175.3 281.9 Q 172.5 280.6 171.0 279.6 Q 169.4 278.6 167.8 277.7 Q 166.3 276.7 165.0 275.4 Q 163.8 274.1 162.2 273.1 Q 160.6 272.2 159.4 270.9 Q 158.1 269.6 156.9 268.3 Q 155.6 267.0 154.4 266.0 Q 153.1 265.0 151.5 264.1 Q 150.0 263.1 148.7 262.1 Q 147.5 261.2 146.2 260.2 Q 145.0 259.2 143.7 258.2 Q 142.5 257.3 140.9 256.6 Q 139.3 256.0 138.1 255.0 Q 136.8 254.0 135.6 253.1 Q 134.3 252.1 130.9 250.8 Q 127.4 249.5 126.2 248.5 Q 124.9 247.5 123.7 246.3 Q 122.4 245.0 120.9 244.0 Q 119.3 243.0 118.1 242.0 Q 116.8 241.1 115.2 240.1 Q 113.7 239.1 112.4 238.2 Q 111.2 237.2 109.6 236.2 Q 108.0 235.2 106.8 233.9 Q 105.5 232.7 104.6 231.4 Q 103.7 230.1 102.4 228.4 Q 101.2 226.8 99.9 225.5 Q 98.7 224.2 96.8 222.9 Q 94.9 221.6 93.3 220.3 Q 91.8 219.1 90.2 217.8 Q 88.6 216.5 87.4 215.5 Q 86.1 214.5 84.9 213.2 Q 83.6 211.9 82.4 211.0 Q 81.1 210.0 79.9 208.7 Q 78.6 207.4 77.4 206.4 Q 76.1 205.4 75.2 204.2 Q 74.2 202.9 73.0 201.9 Q 71.7 200.9 70.2 200.3 Q 68.6 199.6 66.7 198.3 Q 64.9 197.0 63.6 195.7 Q 62.3 194.4 61.1 193.1 Q 59.8 191.8 58.6 190.9 Q 57.3 189.9 56.1 188.3 Q 54.8 186.7 53.6 185.7 Q 52.3 184.7 51.1 183.4 Q 49.8 182.1 48.6 181.2 Q 47.3 180.2 46.1 179.2 Q 44.8 178.2 43.6 177.3 Q 42.3 176.3 41.1 175.3 Q 39.8 174.4 38.6 173.4 Q 37.3 172.4 35.7 171.4 Q 34.2 170.5 32.9 169.2 Q 31.7 167.9 30.4 166.6 Q 29.2 165.3 27.9 164.3 Q 26.7 163.3 25.4 162.4 Q 24.2 161.4 22.3 159.8 Q 20.4 158.2 18.5 156.2 Q 16.7 154.3 16.0 152.7 Q 15.4 151.0 14.8 149.4 Q 14.1 147.8 13.2 146.5 Q 12.3 145.2 11.3 143.9 Q 10.4 142.6 10.1 141.0 Q 9.8 139.4 8.8 137.4 Q 7.9 135.5 7.3 133.9 Q 6.6 132.3 5.7 130.6 Q 4.8 129.0 4.4 127.4 Q 4.1 125.8 3.8 124.2 Q 3.5 122.5 3.5 120.9 Q 3.5 119.3 3.5 117.7 Q 3.5 116.1 4.8 114.8 Q 6.0 113.5 7.3 112.5 Q 8.5 111.5 9.8 110.6 Q 11.0 109.6 12.3 108.6 Q 13.5 107.6 14.5 106.4 Q 15.4 105.1 17.0 104.4 Q 18.5 103.8 20.1 102.8 Q 21.7 101.8 23.2 101.2 Q 24.8 100.5 25.7 99.2 Q 26.7 97.9 27.3 96.3 Q 27.9 94.7 29.2 93.7 Q 30.4 92.8 31.7 91.8 Q 32.9 90.8 34.5 90.2 Q 36.1 89.5 37.3 88.5 Q 38.6 87.6 39.8 86.6 Q 41.1 85.6 42.3 84.7 Q 43.6 83.7 44.8 82.7 Q 46.1 81.7 47.6 81.1 Q 49.2 80.4 50.8 79.5 Q 52.3 78.5 53.6 77.5 Q 54.8 76.6 56.4 75.6 Q 58.0 74.6 58.9 73.3 Q 59.8 72.0 61.4 71.1 Q 63.0 70.1 64.5 70.1 Q 66.1 70.1 67.7 69.4 Q 69.2 68.8 70.8 68.1 Q 72.4 67.5 73.9 66.5 Q 75.5 65.5 77.1 64.9 Q 78.6 64.3 79.9 63.3 Q 81.1 62.3 82.7 62.0 L 84.3 61.7',0.0,4),(42,2,'crvena','Crvena','M 86.1 60.6 Q 89.9 59.9 91.5 59.6 Q 93.0 59.3 94.6 58.3 Q 96.2 57.3 98.0 56.3 Q 99.9 55.4 101.5 55.1 Q 103.0 54.7 104.6 53.8 Q 106.2 52.8 107.7 52.5 Q 109.3 52.1 110.9 51.5 Q 112.4 50.8 114.0 50.8 Q 115.6 50.8 117.1 50.5 Q 118.7 50.2 120.3 49.9 Q 121.8 49.5 123.4 49.5 Q 124.9 49.5 126.5 48.9 Q 128.1 48.3 129.6 48.3 Q 131.2 48.3 132.8 47.9 Q 134.3 47.6 135.9 47.3 Q 137.5 47.0 139.0 47.0 Q 140.6 47.0 142.2 47.0 Q 143.7 47.0 145.3 46.6 Q 146.9 46.3 149.0 45.7 Q 151.2 45.0 153.1 45.0 Q 155.0 45.0 156.6 45.0 Q 158.1 45.0 159.7 45.0 Q 161.3 45.0 162.8 45.0 Q 164.4 45.0 165.9 45.3 Q 167.5 45.7 169.1 45.7 Q 170.6 45.7 172.2 45.0 Q 173.8 44.4 176.9 43.4 Q 180.0 42.4 181.9 41.5 Q 183.8 40.5 185.7 39.8 Q 187.5 39.2 189.1 38.5 Q 190.7 37.9 192.2 37.2 Q 193.8 36.6 195.4 35.9 Q 196.9 35.3 198.2 33.4 Q 199.4 31.4 200.4 30.1 Q 201.3 28.8 202.9 28.8 Q 204.4 28.8 206.0 28.5 Q 207.6 28.2 209.1 27.5 Q 210.7 26.9 212.9 26.6 Q 215.1 26.2 216.7 26.2 Q 218.2 26.2 220.1 26.2 Q 222.0 26.2 223.5 26.2 Q 225.1 26.2 226.7 26.9 Q 228.2 27.5 229.5 28.5 Q 230.7 29.5 232.0 30.4 Q 233.2 31.4 234.5 32.4 Q 235.7 33.4 236.7 34.7 Q 237.6 35.9 238.9 36.9 Q 240.1 37.9 241.1 39.8 Q 242.0 41.8 243.3 43.1 Q 244.5 44.4 245.8 45.7 Q 247.0 47.0 247.6 48.6 Q 248.3 50.2 250.5 52.5 Q 252.6 54.7 253.6 57.0 Q 254.5 59.3 255.5 60.6 Q 256.4 61.9 258.3 63.5 Q 260.2 65.1 261.7 65.4 Q 263.3 65.7 265.5 66.4 Q 267.7 67.0 269.2 67.4 Q 270.8 67.7 273.0 68.0 Q 275.2 68.3 278.0 69.3 Q 280.8 70.3 282.7 70.6 Q 284.6 70.9 286.1 71.6 Q 287.7 72.2 289.6 72.5 Q 291.5 72.9 293.3 72.9 Q 295.2 72.9 297.1 72.9 Q 299.0 72.9 300.5 72.9 Q 302.1 72.9 303.7 72.5 Q 305.2 72.2 306.8 71.9 Q 308.4 71.6 310.2 70.9 Q 312.1 70.3 313.4 69.3 Q 314.6 68.3 316.2 67.4 Q 317.7 66.4 319.3 65.7 Q 320.9 65.1 322.4 64.8 Q 324.0 64.4 325.9 63.5 Q 327.8 62.5 329.0 61.5 Q 330.3 60.6 332.1 59.9 Q 334.0 59.3 335.6 58.6 Q 337.2 58.0 338.7 57.6 Q 340.3 57.3 341.8 57.0 Q 343.4 56.7 345.3 56.3 Q 347.2 56.0 348.7 55.7 Q 350.3 55.4 352.2 55.1 Q 354.1 54.7 355.9 54.1 Q 357.8 53.4 360.0 52.8 Q 362.2 52.1 363.8 51.5 Q 365.3 50.8 366.9 50.2 Q 368.5 49.5 370.3 48.9 Q 372.2 48.3 373.8 47.6 Q 375.3 47.0 376.9 46.3 Q 378.5 45.7 380.0 45.0 Q 381.6 44.4 383.5 43.1 Q 385.4 41.8 386.6 40.8 Q 387.9 39.8 389.7 38.9 Q 391.6 37.9 393.2 37.2 Q 394.7 36.6 396.3 35.9 Q 397.9 35.3 399.4 34.3 Q 401.0 33.4 403.2 32.4 Q 405.4 31.4 406.9 30.8 Q 408.5 30.1 410.1 29.8 Q 411.6 29.5 413.5 28.8 Q 415.4 28.2 417.0 27.9 Q 418.5 27.5 420.4 26.9 Q 422.3 26.2 423.8 25.9 Q 425.4 25.6 427.0 25.3 Q 428.5 24.9 430.1 24.6 Q 431.7 24.3 433.6 24.3 Q 435.4 24.3 437.0 24.0 Q 438.6 23.6 440.4 23.6 Q 442.3 23.6 443.9 23.6 Q 445.4 23.6 447.0 23.3 Q 448.6 23.0 450.5 23.0 Q 452.3 23.0 453.9 22.7 Q 455.5 22.3 457.7 22.3 Q 459.8 22.3 461.4 22.3 Q 463.0 22.3 464.5 22.3 Q 466.1 22.3 468.0 22.3 Q 469.9 22.3 471.4 22.7 Q 473.0 23.0 474.9 23.3 Q 476.7 23.6 478.3 23.6 Q 479.9 23.6 481.8 24.0 Q 483.6 24.3 485.2 24.9 Q 486.8 25.6 488.6 26.6 Q 490.5 27.5 492.4 28.2 Q 494.3 28.8 495.8 29.5 Q 497.4 30.1 499.6 30.8 Q 501.8 31.4 503.3 32.4 Q 504.9 33.4 506.8 34.0 Q 508.7 34.7 510.2 35.6 Q 511.8 36.6 513.4 37.2 Q 514.9 37.9 516.8 38.9 Q 518.7 39.8 520.6 40.8 Q 522.4 41.8 523.7 43.1 Q 524.9 44.4 525.3 46.3 Q 525.6 48.3 526.2 49.9 Q 526.8 51.5 527.4 53.1 Q 528.1 54.7 528.7 56.7 Q 529.3 58.6 530.0 60.2 Q 530.6 61.9 531.2 63.5 Q 531.8 65.1 532.5 67.0 Q 533.1 69.0 533.1 70.6 Q 533.1 72.2 533.7 73.8 Q 534.3 75.5 535.0 77.1 Q 535.6 78.7 536.2 80.6 Q 536.8 82.6 537.2 84.2 Q 537.5 85.8 537.8 87.8 Q 538.1 89.7 538.4 91.3 Q 538.7 92.9 539.0 94.6 Q 539.3 96.2 539.7 97.8 Q 540.0 99.4 540.3 101.4 Q 540.6 103.3 540.6 104.9 Q 540.6 106.5 540.6 108.2 Q 540.6 109.8 540.9 111.4 Q 541.2 113.0 541.5 115.0 Q 541.8 116.9 542.2 118.5 Q 542.5 120.1 542.8 122.1 Q 543.1 124.0 543.4 126.0 Q 543.7 127.9 543.7 130.8 Q 543.7 133.7 543.7 135.4 Q 543.7 137.0 544.0 138.6 Q 544.4 140.2 544.7 142.2 Q 545.0 144.1 545.0 146.1 Q 545.0 148.0 545.3 149.6 Q 545.6 151.2 545.6 152.9 Q 545.6 154.5 545.6 156.4 Q 545.6 158.4 546.2 160.0 Q 546.9 161.6 547.2 163.5 Q 547.5 165.5 547.8 167.4 Q 548.1 169.4 548.1 171.3 Q 548.1 173.3 548.1 174.9 Q 548.1 176.5 548.7 178.8 Q 549.4 181.0 550.0 183.3 Q 550.6 185.6 550.9 187.2 Q 551.2 188.8 551.5 190.4 Q 551.9 192.0 552.2 194.0 Q 552.5 195.9 553.1 197.9 Q 553.7 199.8 554.7 202.1 Q 555.6 204.3 553.4 203.7 L 551.2 203.1',0.0,5),(43,2,'crvena','Crvena','M 555.0 214.1 Q 555.0 210.2 554.4 208.6 Q 553.7 206.9 553.4 205.3 Q 553.1 203.7 552.5 202.1 L 551.9 200.5',0.0,6),(44,2,'crvena','Crvena','M 578.2 344.9 Q 580.0 342.3 581.0 341.0 Q 581.9 339.7 582.8 338.4 Q 583.8 337.1 584.7 335.8 Q 585.7 334.5 586.3 332.9 Q 586.9 331.3 587.5 329.7 Q 588.2 328.1 588.2 326.1 Q 588.2 324.2 588.5 322.6 Q 588.8 320.9 589.1 319.3 Q 589.4 317.7 589.4 316.1 L 589.4 314.5',0.0,7),(45,2,'plava','plava','M 201.9 123.4 Q 205.1 122.1 206.3 120.8 Q 207.6 119.5 208.8 118.5 Q 210.1 117.6 211.6 116.9 Q 213.2 116.3 214.8 115.6 Q 216.3 115.0 217.9 114.6 Q 219.5 114.3 221.0 113.3 Q 222.6 112.4 224.2 112.1 Q 225.7 111.7 227.0 110.8 Q 228.2 109.8 229.8 109.1 Q 231.4 108.5 232.9 107.8 Q 234.5 107.2 236.1 106.2 Q 237.6 105.3 239.2 104.3 Q 240.8 103.3 242.3 102.3 Q 243.9 101.4 245.4 100.7 Q 247.0 100.1 248.6 99.4 Q 250.1 98.8 251.7 98.8 Q 253.3 98.8 254.8 98.5 Q 256.4 98.1 258.0 97.8 Q 259.5 97.5 261.1 97.2 Q 262.7 96.8 264.2 96.5 Q 265.8 96.2 267.4 96.2 Q 268.9 96.2 270.8 95.5 Q 272.7 94.9 275.2 94.6 Q 277.7 94.2 279.2 93.9 Q 280.8 93.6 282.4 92.6 Q 283.9 91.6 285.8 91.3 Q 287.7 91.0 289.6 90.0 Q 291.5 89.1 293.0 88.7 Q 294.6 88.4 296.2 87.4 Q 297.7 86.5 299.9 85.8 Q 302.1 85.2 303.7 84.2 Q 305.2 83.2 306.8 82.6 Q 308.4 81.9 309.9 81.3 Q 311.5 80.6 313.1 79.7 Q 314.6 78.7 316.2 78.0 Q 317.7 77.4 319.0 76.4 Q 320.3 75.5 322.1 74.8 Q 324.0 74.2 325.6 73.5 Q 327.1 72.9 328.7 72.2 Q 330.3 71.6 332.1 70.9 Q 334.0 70.3 335.9 69.3 Q 337.8 68.3 339.3 67.7 Q 340.9 67.0 342.5 66.1 Q 344.0 65.1 345.9 64.1 Q 347.8 63.2 349.0 62.2 Q 350.3 61.2 351.9 60.6 Q 353.4 59.9 354.7 58.9 Q 355.9 58.0 357.2 57.0 Q 358.4 56.0 360.6 55.4 L 362.8 54.7',0.0,8),(46,2,'plava','plava','M 13.5 124.7 Q 17.3 124.7 18.8 125.7 Q 20.4 126.6 22.0 126.9 Q 23.5 127.3 25.7 128.2 Q 27.9 129.2 29.5 129.5 Q 31.0 129.9 32.0 131.2 Q 32.9 132.5 33.9 133.7 Q 34.8 135.0 36.1 136.3 Q 37.3 137.6 39.5 139.3 Q 41.7 140.9 42.9 141.8 Q 44.2 142.8 45.8 144.1 Q 47.3 145.4 49.2 146.4 Q 51.1 147.4 52.6 147.7 Q 54.2 148.0 55.8 148.6 Q 57.3 149.3 59.5 149.9 Q 61.7 150.6 63.6 150.6 Q 65.5 150.6 67.0 150.9 Q 68.6 151.2 70.2 151.6 Q 71.7 151.9 73.3 151.9 Q 74.9 151.9 76.7 152.5 Q 78.6 153.2 80.2 153.2 Q 81.8 153.2 83.3 153.2 Q 84.9 153.2 86.4 153.2 Q 88.0 153.2 89.6 153.2 Q 91.1 153.2 93.0 154.5 Q 94.9 155.8 96.2 156.7 Q 97.4 157.7 98.7 158.7 Q 99.9 159.7 101.5 160.3 Q 103.0 161.0 104.6 161.9 Q 106.2 162.9 107.7 163.9 Q 109.3 164.8 110.9 165.5 Q 112.4 166.1 113.7 167.1 Q 114.9 168.1 116.5 168.4 Q 118.1 168.7 119.0 170.0 Q 119.9 171.3 121.2 172.3 Q 122.4 173.3 123.7 174.2 Q 124.9 175.2 126.2 177.1 Q 127.4 179.1 129.0 180.4 Q 130.6 181.7 131.8 183.0 Q 133.1 184.3 134.6 184.9 Q 136.2 185.6 138.1 186.5 Q 140.0 187.5 142.5 188.5 Q 145.0 189.5 147.2 190.4 Q 149.4 191.4 150.9 191.7 Q 152.5 192.0 153.7 193.0 Q 155.0 194.0 157.2 195.3 Q 159.4 196.6 160.9 197.2 Q 162.5 197.9 163.8 198.8 Q 165.0 199.8 166.6 200.8 Q 168.1 201.8 169.7 202.4 Q 171.3 203.1 172.5 204.0 Q 173.8 205.0 175.3 205.3 L 176.9 205.6',0.0,9),(47,2,'crna','crna','M 61.1 98.8 Q 64.9 99.4 65.8 100.7 Q 66.7 102.0 67.7 103.3 Q 68.6 104.6 69.5 105.9 Q 70.5 107.2 71.4 108.5 Q 72.4 109.8 73.3 111.1 Q 74.2 112.4 75.2 113.7 Q 76.1 115.0 77.1 116.3 Q 78.0 117.6 78.9 118.9 Q 79.9 120.1 81.1 121.4 Q 82.4 122.7 82.7 124.4 Q 83.0 126.0 83.9 127.3 Q 84.9 128.6 85.8 130.2 Q 86.8 131.8 87.7 133.4 Q 88.6 135.0 89.6 137.0 Q 90.5 138.9 91.5 140.6 Q 92.4 142.2 93.6 143.5 Q 94.9 144.8 96.2 145.7 L 97.4 146.7',0.0,10),(48,2,'crna','crna','M 90.5 149.3 Q 87.4 149.3 85.8 149.0 Q 84.3 148.6 82.7 148.0 Q 81.1 147.4 79.2 146.4 Q 77.4 145.4 75.5 144.8 Q 73.6 144.1 72.1 143.5 Q 70.5 142.8 68.9 142.2 Q 67.4 141.5 65.8 140.9 Q 64.2 140.2 62.7 139.6 Q 61.1 138.9 59.2 138.0 Q 57.3 137.0 58.9 136.7 Q 60.5 136.3 62.0 136.7 Q 63.6 137.0 65.5 138.0 Q 67.4 138.9 68.9 139.6 Q 70.5 140.2 72.1 140.9 Q 73.6 141.5 75.2 142.2 Q 76.7 142.8 78.3 143.1 Q 79.9 143.5 81.4 143.5 L 83.0 143.5',0.0,11),(49,2,'plava','plava','M 87.4 80.6 Q 91.8 83.9 92.7 85.2 Q 93.6 86.5 95.2 87.8 Q 96.8 89.1 98.0 90.0 Q 99.3 91.0 100.5 92.3 Q 101.8 93.6 102.7 94.9 Q 103.7 96.2 104.6 97.5 Q 105.5 98.8 106.5 100.1 Q 107.4 101.4 109.6 102.3 Q 111.8 103.3 113.7 104.0 Q 115.6 104.6 118.4 105.9 Q 121.2 107.2 123.1 108.2 Q 124.9 109.1 126.5 109.8 Q 128.1 110.4 130.0 111.1 Q 131.8 111.7 133.4 113.0 Q 135.0 114.3 136.8 115.0 Q 138.7 115.6 140.3 116.6 Q 141.8 117.6 143.4 118.5 Q 145.0 119.5 146.2 120.5 Q 147.5 121.4 148.7 122.4 Q 150.0 123.4 151.2 124.4 Q 152.5 125.3 154.1 127.3 Q 155.6 129.2 156.6 130.5 Q 157.5 131.8 158.7 133.1 Q 160.0 134.4 160.6 136.0 Q 161.3 137.6 161.9 139.6 Q 162.5 141.5 163.1 143.1 Q 163.8 144.8 164.7 146.4 Q 165.6 148.0 166.6 149.3 Q 167.5 150.6 168.8 151.9 Q 170.0 153.2 171.0 154.8 Q 171.9 156.4 172.8 157.7 Q 173.8 159.0 174.7 160.3 Q 175.6 161.6 177.8 163.9 Q 180.0 166.1 181.6 167.4 Q 183.2 168.7 184.1 170.0 Q 185.0 171.3 186.6 172.6 Q 188.2 173.9 189.4 174.9 L 190.7 175.8',0.0,12),(50,3,'plava','plava levo','M 22.3 123.8 Q 25.4 123.8 27.3 124.1 Q 29.2 124.3 30.7 124.3 Q 32.3 124.3 33.9 124.3 Q 35.4 124.3 37.3 123.6 Q 39.2 122.9 40.8 122.3 Q 42.3 121.6 43.6 120.7 Q 44.8 119.8 46.4 118.9 Q 47.9 118.0 49.5 117.1 Q 51.1 116.2 52.6 115.5 Q 54.2 114.8 55.5 113.7 Q 56.7 112.6 57.7 111.2 Q 58.6 109.9 60.2 109.7 Q 61.7 109.4 63.3 109.2 Q 64.9 109.0 66.4 109.2 Q 68.0 109.4 68.6 111.2 Q 69.2 113.0 69.5 114.6 Q 69.9 116.2 70.2 117.8 Q 70.5 119.3 70.5 120.9 Q 70.5 122.5 70.5 124.1 Q 70.5 125.6 71.7 126.8 Q 73.0 127.9 73.9 129.2 Q 74.9 130.6 76.1 131.7 Q 77.4 132.8 78.6 133.7 Q 79.9 134.6 81.1 135.7 Q 82.4 136.9 83.6 137.8 Q 84.9 138.7 86.4 138.9 Q 88.0 139.1 89.6 139.1 Q 91.1 139.1 92.7 139.1 Q 94.3 139.1 96.2 139.3 Q 98.0 139.6 99.9 139.6 Q 101.8 139.6 103.3 139.8 Q 104.9 140.0 106.8 140.0 Q 108.7 140.0 110.5 140.2 Q 112.4 140.5 113.7 141.4 Q 114.9 142.3 116.2 143.2 Q 117.4 144.1 119.3 145.2 Q 121.2 146.3 122.8 147.2 Q 124.3 148.1 125.9 149.5 Q 127.4 150.8 128.7 151.7 Q 130.0 152.6 131.8 153.5 Q 133.7 154.4 135.3 154.8 Q 136.8 155.3 138.4 156.0 Q 140.0 156.6 141.5 157.3 Q 143.1 158.0 144.7 158.2 Q 146.2 158.4 147.8 159.1 Q 149.4 159.8 150.9 160.0 Q 152.5 160.2 154.4 160.7 Q 156.2 161.1 158.1 161.4 Q 160.0 161.6 162.2 162.5 Q 164.4 163.4 165.9 164.3 Q 167.5 165.2 169.1 165.4 Q 170.6 165.6 172.2 165.6 Q 173.8 165.6 175.3 165.4 Q 176.9 165.2 178.5 164.5 Q 180.0 163.8 181.6 163.4 Q 183.2 162.9 185.0 162.5 Q 186.9 162.0 189.7 161.1 Q 192.6 160.2 194.1 160.2 Q 195.7 160.2 197.2 160.0 Q 198.8 159.8 200.7 159.1 Q 202.6 158.4 204.4 158.0 Q 206.3 157.5 207.9 157.3 Q 209.5 157.1 211.0 156.9 Q 212.6 156.6 214.5 156.6 Q 216.3 156.6 218.2 156.4 Q 220.1 156.2 221.7 156.2 Q 223.2 156.2 225.1 156.2 Q 227.0 156.2 231.0 156.9 Q 235.1 157.5 236.7 157.8 Q 238.2 158.0 240.4 158.2 Q 242.6 158.4 244.2 158.9 Q 245.8 159.3 247.3 159.6 Q 248.9 159.8 250.5 159.8 Q 252.0 159.8 253.6 159.8 Q 255.1 159.8 257.0 159.8 Q 258.9 159.8 261.1 160.2 Q 263.3 160.7 265.2 161.4 Q 267.0 162.0 268.0 163.4 Q 268.9 164.7 269.9 166.1 Q 270.8 167.4 273.3 168.6 Q 275.8 169.7 277.1 171.5 Q 278.3 173.3 279.2 174.8 Q 280.2 176.4 281.8 177.3 Q 283.3 178.2 284.9 178.4 Q 286.4 178.7 288.3 179.3 Q 290.2 180.0 291.8 180.0 Q 293.3 180.0 294.9 180.0 Q 296.5 180.0 298.0 180.0 Q 299.6 180.0 299.9 181.6 Q 300.2 183.2 300.2 184.7 Q 300.2 186.3 299.0 187.2 Q 297.7 188.1 296.5 189.0 Q 295.2 189.9 294.0 190.8 Q 292.7 191.7 290.8 192.6 Q 289.0 193.5 287.4 193.9 Q 285.8 194.4 284.6 195.3 Q 283.3 196.2 282.1 197.1 Q 280.8 198.0 279.6 198.9 Q 278.3 199.8 276.7 200.7 Q 275.2 201.6 273.9 202.5 Q 272.7 203.4 272.7 205.0 Q 272.7 206.5 272.4 208.1 Q 272.1 209.7 273.6 209.9 Q 275.2 210.1 276.7 210.1 Q 278.3 210.1 280.2 210.4 Q 282.1 210.6 283.6 210.8 Q 285.2 211.0 283.0 211.3 Q 280.8 211.5 281.4 213.1 Q 282.1 214.6 283.3 215.7 Q 284.6 216.9 286.1 217.5 Q 287.7 218.2 289.3 218.9 Q 290.8 219.6 292.4 220.2 Q 294.0 220.9 292.4 221.4 Q 290.8 221.8 289.6 223.2 Q 288.3 224.5 289.3 226.1 Q 290.2 227.7 291.1 229.5 Q 292.1 231.3 290.5 231.7 Q 289.0 232.2 287.4 232.8 Q 285.8 233.5 284.9 234.9 Q 283.9 236.2 282.7 237.1 L 281.4 238.0',0.0,1),(51,3,'plava','plava','M 69.2 118.9 Q 66.1 118.9 64.2 119.6 Q 62.3 120.2 60.8 120.7 Q 59.2 121.1 57.3 121.6 Q 55.5 122.0 53.9 122.3 Q 52.3 122.5 50.8 122.5 Q 49.2 122.5 47.3 123.2 Q 45.4 123.8 43.9 124.3 Q 42.3 124.7 40.1 125.0 Q 37.9 125.2 36.4 125.0 Q 34.8 124.7 36.7 124.7 Q 38.6 124.7 40.1 124.7 Q 41.7 124.7 43.3 124.3 Q 44.8 123.8 43.6 125.0 Q 42.3 126.1 41.4 127.4 L 40.4 128.8',0.0,2),(52,3,'plava','plava','M 205.1 74.8 Q 208.8 74.8 210.7 74.8 Q 212.6 74.8 214.1 74.8 Q 215.7 74.8 217.3 75.5 Q 218.8 76.2 220.7 77.1 Q 222.6 78.0 224.2 78.7 Q 225.7 79.3 227.3 80.0 Q 228.9 80.7 230.4 80.9 Q 232.0 81.1 233.6 82.0 Q 235.1 82.9 236.4 83.8 Q 237.6 84.7 239.2 85.4 Q 240.8 86.1 242.3 86.5 Q 243.9 87.0 245.4 87.6 Q 247.0 88.3 248.9 89.0 Q 250.8 89.7 252.3 90.1 Q 253.9 90.6 255.8 91.5 Q 257.7 92.4 257.7 93.9 Q 257.7 95.5 257.7 97.1 Q 257.7 98.7 258.9 99.6 Q 260.2 100.5 261.4 101.6 Q 262.7 102.7 263.6 104.1 Q 264.5 105.4 266.1 105.9 Q 267.7 106.3 270.2 107.0 Q 272.7 107.6 274.6 107.9 Q 276.4 108.1 278.3 109.0 Q 280.2 109.9 278.6 110.1 Q 277.1 110.3 275.5 110.3 Q 273.9 110.3 272.4 111.0 Q 270.8 111.7 269.5 113.0 Q 268.3 114.4 269.5 115.5 Q 270.8 116.6 272.4 116.9 Q 273.9 117.1 275.5 118.0 Q 277.1 118.9 276.1 120.2 Q 275.2 121.6 273.9 122.5 Q 272.7 123.4 272.4 125.0 Q 272.1 126.5 270.8 127.4 Q 269.5 128.3 268.9 129.9 Q 268.3 131.5 268.3 133.3 Q 268.3 135.1 267.0 136.0 Q 265.8 136.9 264.2 137.1 Q 262.7 137.3 261.1 137.8 Q 259.5 138.2 257.7 138.4 Q 255.8 138.7 254.2 139.3 Q 252.6 140.0 251.1 140.5 Q 249.5 140.9 247.9 141.4 Q 246.4 141.8 244.2 142.5 Q 242.0 143.2 240.8 144.5 Q 239.5 145.9 239.5 147.4 Q 239.5 149.0 241.1 150.1 Q 242.6 151.2 243.9 152.4 Q 245.1 153.5 246.4 154.6 Q 247.6 155.7 248.9 156.9 L 250.1 158.0',0.0,3),(53,3,'plava','plava','M 245.1 109.4 Q 248.9 111.2 250.5 111.9 Q 252.0 112.6 253.9 113.3 Q 255.8 113.9 258.0 114.6 Q 260.2 115.3 262.3 115.7 Q 264.5 116.2 266.4 116.6 Q 268.3 117.1 269.9 118.0 Q 271.4 118.9 273.0 119.3 Q 274.6 119.8 275.8 120.7 Q 277.1 121.6 275.8 122.5 Q 274.6 123.4 273.0 123.8 Q 271.4 124.3 269.9 124.7 Q 268.3 125.2 266.7 125.9 Q 265.2 126.5 263.3 127.2 Q 261.4 127.9 259.8 127.9 Q 258.3 127.9 256.7 128.1 Q 255.1 128.3 253.3 128.5 Q 251.4 128.8 249.8 129.0 Q 248.3 129.2 246.4 129.2 Q 244.5 129.2 242.9 129.2 Q 241.4 129.2 239.8 129.4 Q 238.2 129.7 237.0 131.0 Q 235.7 132.4 236.7 133.7 Q 237.6 135.1 238.9 136.0 Q 240.1 136.9 241.4 137.8 Q 242.6 138.7 243.9 139.6 Q 245.1 140.5 246.7 140.7 Q 248.3 140.9 249.8 141.6 Q 251.4 142.3 251.4 144.1 Q 251.4 145.9 250.8 147.4 Q 250.1 149.0 250.1 150.6 L 250.1 152.1',0.0,4),(54,3,'plava','plava','M 335.3 79.8 Q 339.0 79.8 340.6 80.2 Q 342.2 80.7 343.1 82.0 Q 344.0 83.4 342.5 84.1 Q 340.9 84.7 342.2 85.6 Q 343.4 86.5 344.4 87.9 Q 345.3 89.2 344.4 90.6 Q 343.4 91.9 342.5 93.3 Q 341.5 94.6 340.6 96.4 Q 339.7 98.2 338.7 99.6 Q 337.8 100.9 336.2 101.6 Q 334.6 102.3 333.1 102.3 Q 331.5 102.3 331.5 104.1 Q 331.5 105.9 332.5 107.2 Q 333.4 108.5 331.8 109.2 Q 330.3 109.9 329.0 111.0 Q 327.8 112.1 328.1 113.7 Q 328.4 115.3 327.1 116.4 Q 325.9 117.5 324.9 119.1 Q 324.0 120.7 322.8 121.8 Q 321.5 122.9 320.3 123.8 Q 319.0 124.7 317.4 125.4 Q 315.9 126.1 314.3 126.8 Q 312.7 127.4 310.5 127.7 Q 308.4 127.9 305.9 128.5 Q 303.3 129.2 301.5 129.7 Q 299.6 130.1 298.0 130.6 Q 296.5 131.0 294.6 131.5 Q 292.7 131.9 290.8 132.4 Q 289.0 132.8 287.4 133.3 Q 285.8 133.7 284.3 134.4 Q 282.7 135.1 281.1 135.5 Q 279.6 136.0 277.7 136.2 Q 275.8 136.4 274.2 136.4 Q 272.7 136.4 270.5 136.2 Q 268.3 136.0 266.7 136.0 Q 265.2 136.0 262.3 136.0 Q 259.5 136.0 257.3 136.2 Q 255.1 136.4 253.3 136.6 Q 251.4 136.9 249.8 137.1 Q 248.3 137.3 246.7 137.5 Q 245.1 137.8 243.6 138.0 L 242.0 138.2',0.0,5),(55,3,'plava','plava','M 414.1 66.7 Q 410.4 66.7 408.8 67.4 Q 407.3 68.1 405.7 68.3 Q 404.1 68.5 402.6 69.0 Q 401.0 69.4 399.4 69.9 Q 397.9 70.3 395.7 70.8 Q 393.5 71.2 391.9 71.7 Q 390.4 72.1 387.9 72.6 Q 385.4 73.0 383.8 73.3 Q 382.2 73.5 380.0 73.9 Q 377.8 74.4 376.6 75.5 Q 375.3 76.6 374.4 78.2 Q 373.5 79.8 371.9 80.7 Q 370.3 81.6 368.5 82.7 Q 366.6 83.8 364.7 84.5 Q 362.8 85.2 360.9 85.8 Q 359.1 86.5 356.9 87.2 Q 354.7 87.9 353.4 88.8 Q 352.2 89.7 350.6 90.1 Q 349.0 90.6 347.5 91.2 Q 345.9 91.9 344.4 92.4 L 342.8 92.8',0.0,6),(56,3,'plava','plava','M 335.3 80.2 Q 335.3 83.4 336.5 84.5 Q 337.8 85.6 337.5 87.2 Q 337.2 88.8 335.9 89.9 Q 334.6 91.0 333.4 92.1 Q 332.1 93.3 330.9 94.2 Q 329.6 95.1 328.1 96.2 Q 326.5 97.3 325.6 98.9 Q 324.6 100.5 323.7 101.8 Q 322.8 103.2 322.1 104.7 Q 321.5 106.3 320.9 107.9 Q 320.3 109.4 319.0 110.8 Q 317.7 112.1 317.7 113.7 Q 317.7 115.3 317.7 116.9 Q 317.7 118.4 317.4 120.0 Q 317.1 121.6 316.5 123.2 L 315.9 124.7',0.0,7),(57,3,'plava','plava','M 491.1 66.3 Q 488.0 67.2 486.8 68.1 Q 485.5 69.0 484.3 69.9 Q 483.0 70.8 481.1 71.2 Q 479.2 71.7 476.7 72.4 Q 474.2 73.0 472.7 73.5 Q 471.1 73.9 468.9 74.2 Q 466.7 74.4 465.2 74.4 Q 463.6 74.4 462.0 74.4 Q 460.5 74.4 458.6 74.4 Q 456.7 74.4 455.1 74.4 Q 453.6 74.4 452.0 74.2 Q 450.5 73.9 447.9 73.7 Q 445.4 73.5 443.6 73.5 Q 441.7 73.5 440.1 73.7 Q 438.6 73.9 437.0 74.6 Q 435.4 75.3 433.6 75.5 Q 431.7 75.7 429.8 75.7 Q 427.9 75.7 425.7 76.0 Q 423.5 76.2 422.0 76.2 Q 420.4 76.2 418.8 76.4 Q 417.3 76.6 415.7 77.1 Q 414.1 77.5 412.6 77.8 Q 411.0 78.0 409.5 78.2 Q 407.9 78.4 406.3 78.4 Q 404.8 78.4 402.6 78.4 Q 400.4 78.4 398.2 78.7 Q 396.0 78.9 394.4 79.6 Q 392.9 80.2 391.3 81.6 Q 389.7 82.9 389.1 84.5 Q 388.5 86.1 389.7 87.2 Q 391.0 88.3 392.2 89.2 Q 393.5 90.1 394.4 91.7 Q 395.4 93.3 395.4 94.8 Q 395.4 96.4 395.1 98.0 Q 394.7 99.6 394.4 98.0 Q 394.1 96.4 394.7 94.8 Q 395.4 93.3 396.3 91.7 Q 397.2 90.1 398.5 89.2 Q 399.7 88.3 401.0 87.4 Q 402.3 86.5 403.8 85.6 Q 405.4 84.7 406.9 84.1 Q 408.5 83.4 410.1 82.7 Q 411.6 82.0 412.9 81.1 Q 414.1 80.2 415.7 79.3 L 417.3 78.4',0.0,8),(58,3,'plava','plava','M 475.5 77.5 Q 472.4 77.5 470.8 78.0 Q 469.2 78.4 467.4 78.9 Q 465.5 79.3 463.6 79.8 Q 461.7 80.2 459.8 80.7 Q 458.0 81.1 456.4 81.4 Q 454.8 81.6 453.0 81.8 Q 451.1 82.0 449.5 82.5 Q 447.9 82.9 446.1 83.2 Q 444.2 83.4 442.6 84.1 Q 441.1 84.7 439.5 85.4 Q 437.9 86.1 435.7 87.2 Q 433.6 88.3 432.0 89.2 Q 430.4 90.1 429.2 91.0 Q 427.9 91.9 426.4 92.4 Q 424.8 92.8 423.2 93.3 Q 421.7 93.7 419.8 94.4 Q 417.9 95.1 416.3 95.5 Q 414.8 96.0 411.6 96.6 Q 408.5 97.3 406.3 98.0 Q 404.1 98.7 402.3 99.1 Q 400.4 99.6 398.8 100.5 Q 397.2 101.4 396.3 102.7 Q 395.4 104.1 395.1 105.6 Q 394.7 107.2 394.7 108.8 Q 394.7 110.3 393.2 110.8 Q 391.6 111.2 389.7 111.5 Q 387.9 111.7 386.0 111.7 Q 384.1 111.7 382.2 111.9 Q 380.3 112.1 377.8 112.6 Q 375.3 113.0 373.8 113.3 Q 372.2 113.5 370.3 114.2 Q 368.5 114.8 366.3 115.7 Q 364.1 116.6 362.5 117.1 Q 360.9 117.5 359.4 118.4 Q 357.8 119.3 355.6 120.5 Q 353.4 121.6 351.2 122.5 Q 349.0 123.4 347.2 123.8 Q 345.3 124.3 342.8 125.2 Q 340.3 126.1 338.7 126.3 Q 337.2 126.5 335.3 126.5 Q 333.4 126.5 331.8 126.5 Q 330.3 126.5 327.1 127.0 Q 324.0 127.4 321.8 127.7 Q 319.6 127.9 318.1 127.9 Q 316.5 127.9 314.9 127.9 L 313.4 127.9',0.0,9),(59,3,'plava','plava','M 435.4 89.2 Q 435.4 92.8 434.2 93.9 Q 432.9 95.1 431.4 95.3 Q 429.8 95.5 427.6 96.4 Q 425.4 97.3 423.2 98.2 Q 421.0 99.1 419.2 99.6 Q 417.3 100.0 415.4 100.7 Q 413.5 101.4 411.0 102.3 Q 408.5 103.2 406.9 103.6 Q 405.4 104.1 403.8 104.5 Q 402.3 105.0 400.7 105.6 Q 399.1 106.3 397.9 107.2 Q 396.6 108.1 395.1 109.2 Q 393.5 110.3 394.7 111.5 Q 396.0 112.6 397.6 113.3 Q 399.1 113.9 399.7 115.5 Q 400.4 117.1 400.7 118.7 Q 401.0 120.2 401.0 121.8 Q 401.0 123.4 400.4 125.0 Q 399.7 126.5 397.9 128.1 Q 396.0 129.7 394.4 130.3 Q 392.9 131.0 391.3 131.2 Q 389.7 131.5 388.2 131.2 Q 386.6 131.0 384.7 130.3 Q 382.8 129.7 381.0 129.7 Q 379.1 129.7 377.2 129.7 Q 375.3 129.7 372.8 129.7 Q 370.3 129.7 367.8 130.1 Q 365.3 130.6 363.8 130.8 Q 362.2 131.0 360.6 131.7 Q 359.1 132.4 356.9 132.8 Q 354.7 133.3 351.9 133.7 Q 349.0 134.2 347.2 134.6 Q 345.3 135.1 343.7 135.1 Q 342.2 135.1 340.3 135.1 Q 338.4 135.1 336.8 135.1 Q 335.3 135.1 333.7 134.2 Q 332.1 133.3 330.9 132.4 Q 329.6 131.5 328.1 130.8 Q 326.5 130.1 324.9 130.8 Q 323.4 131.5 321.8 131.7 Q 320.3 131.9 317.7 132.6 Q 315.2 133.3 313.4 133.5 Q 311.5 133.7 309.6 133.9 Q 307.7 134.2 305.9 134.6 Q 304.0 135.1 302.4 135.1 Q 300.8 135.1 299.3 135.3 Q 297.7 135.5 296.2 135.7 Q 294.6 136.0 292.4 136.2 Q 290.2 136.4 288.6 136.4 Q 287.1 136.4 285.2 136.6 Q 283.3 136.9 281.8 136.9 Q 280.2 136.9 278.0 137.3 Q 275.8 137.8 274.2 138.2 Q 272.7 138.7 271.1 139.3 Q 269.5 140.0 268.0 140.2 Q 266.4 140.5 264.9 140.7 Q 263.3 140.9 261.7 141.1 Q 260.2 141.4 258.6 141.8 Q 257.0 142.3 255.5 142.7 Q 253.9 143.2 252.3 144.1 L 250.8 145.0',0.0,10),(60,3,'plava','plava','M 389.7 131.5 Q 392.2 133.7 393.5 134.6 Q 394.7 135.5 396.0 136.6 Q 397.2 137.8 398.5 139.1 Q 399.7 140.5 401.3 140.9 Q 402.9 141.4 404.8 141.6 Q 406.6 141.8 408.5 141.8 Q 410.4 141.8 411.6 142.7 Q 412.9 143.6 414.1 144.7 Q 415.4 145.9 416.7 147.0 Q 417.9 148.1 419.2 149.0 Q 420.4 149.9 422.0 150.1 Q 423.5 150.3 425.1 150.6 Q 426.7 150.8 425.7 152.4 Q 424.8 153.9 423.2 154.6 Q 421.7 155.3 420.1 156.2 Q 418.5 157.1 417.3 158.2 Q 416.0 159.3 416.7 160.9 Q 417.3 162.5 418.5 163.4 Q 419.8 164.3 421.3 165.0 Q 422.9 165.6 424.2 166.5 Q 425.4 167.4 423.5 167.9 Q 421.7 168.3 420.1 168.6 Q 418.5 168.8 417.0 169.0 Q 415.4 169.2 413.5 169.5 Q 411.6 169.7 409.8 170.1 Q 407.9 170.6 406.3 171.0 Q 404.8 171.5 402.9 172.1 Q 401.0 172.8 399.4 173.7 Q 397.9 174.6 396.0 175.5 Q 394.1 176.4 392.2 176.9 Q 390.4 177.3 388.8 177.8 Q 387.2 178.2 385.4 178.7 Q 383.5 179.1 381.9 179.3 Q 380.3 179.6 377.8 179.6 Q 375.3 179.6 372.8 179.8 Q 370.3 180.0 368.1 180.0 Q 365.9 180.0 363.4 180.0 Q 360.9 180.0 359.4 180.0 Q 357.8 180.0 356.2 180.7 Q 354.7 181.4 353.1 182.0 Q 351.5 182.7 350.6 184.1 Q 349.7 185.4 348.1 186.3 Q 346.5 187.2 345.3 188.1 Q 344.0 189.0 342.8 189.9 Q 341.5 190.8 340.0 191.7 Q 338.4 192.6 336.8 193.3 Q 335.3 193.9 333.1 194.4 Q 330.9 194.8 329.3 195.1 Q 327.8 195.3 326.2 195.7 Q 324.6 196.2 323.1 196.4 Q 321.5 196.6 319.9 197.1 Q 318.4 197.5 316.5 198.0 Q 314.6 198.4 312.7 198.7 Q 310.9 198.9 309.3 198.9 Q 307.7 198.9 305.5 198.9 Q 303.3 198.9 301.8 199.3 Q 300.2 199.8 298.7 199.8 Q 297.1 199.8 296.5 201.4 Q 295.8 202.9 297.1 204.3 Q 298.3 205.6 299.9 206.3 Q 301.5 207.0 300.5 208.8 Q 299.6 210.6 301.2 211.5 Q 302.7 212.4 301.5 213.5 Q 300.2 214.6 299.0 215.5 Q 297.7 216.4 298.7 218.0 Q 299.6 219.6 301.2 220.2 Q 302.7 220.9 300.8 222.0 Q 299.0 223.2 297.1 224.1 Q 295.2 225.0 294.0 223.6 Q 292.7 222.3 294.0 220.9 Q 295.2 219.6 297.7 219.3 Q 300.2 219.1 301.8 219.1 Q 303.3 219.1 304.9 219.1 Q 306.5 219.1 308.4 219.1 Q 310.2 219.1 311.8 219.8 Q 313.4 220.5 315.6 221.8 Q 317.7 223.2 319.3 223.8 L 320.9 224.5',0.0,11),(61,3,'plava','plava','M 300.2 179.1 Q 304.6 180.0 306.2 180.0 Q 307.7 180.0 309.6 180.0 Q 311.5 180.0 313.1 180.0 Q 314.6 180.0 317.1 180.0 Q 319.6 180.0 321.2 179.6 Q 322.8 179.1 324.3 178.7 Q 325.9 178.2 327.8 177.5 Q 329.6 176.9 331.2 176.4 Q 332.8 176.0 334.6 175.3 Q 336.5 174.6 337.8 173.3 Q 339.0 171.9 340.3 170.6 Q 341.5 169.2 342.8 167.4 Q 344.0 165.6 345.0 164.3 Q 345.9 162.9 346.9 161.6 Q 347.8 160.2 346.9 158.9 Q 345.9 157.5 344.4 157.1 Q 342.8 156.6 340.9 156.6 Q 339.0 156.6 337.2 155.7 Q 335.3 154.8 334.0 153.9 Q 332.8 153.0 332.5 151.2 Q 332.1 149.5 333.7 148.3 Q 335.3 147.2 336.5 146.1 Q 337.8 145.0 339.0 144.1 Q 340.3 143.2 341.2 141.8 Q 342.2 140.5 343.4 139.1 Q 344.7 137.8 345.6 136.4 L 346.5 135.1',0.0,12),(62,3,'plava','plava','M 300.2 185.9 Q 303.3 185.4 305.2 185.0 Q 307.1 184.5 308.7 184.1 Q 310.2 183.6 311.8 183.6 Q 313.4 183.6 314.9 184.1 Q 316.5 184.5 318.4 185.0 Q 320.3 185.4 322.1 185.4 Q 324.0 185.4 325.9 185.4 Q 327.8 185.4 330.3 185.2 Q 332.8 185.0 334.3 184.5 Q 335.9 184.1 337.5 184.1 Q 339.0 184.1 340.9 184.7 Q 342.8 185.4 344.7 185.4 Q 346.5 185.4 348.1 185.2 Q 349.7 185.0 351.2 184.3 Q 352.8 183.6 354.7 183.2 Q 356.6 182.7 358.1 182.0 Q 359.7 181.4 360.9 180.2 Q 362.2 179.1 363.1 177.8 Q 364.1 176.4 365.0 174.8 Q 365.9 173.3 366.9 171.9 Q 367.8 170.6 369.4 170.1 Q 371.0 169.7 374.7 168.6 Q 378.5 167.4 381.3 166.8 Q 384.1 166.1 386.0 165.6 Q 387.9 165.2 389.4 164.7 Q 391.0 164.3 392.6 164.1 Q 394.1 163.8 396.0 163.2 Q 397.9 162.5 399.4 162.3 Q 401.0 162.0 402.6 162.0 Q 404.1 162.0 405.7 162.0 Q 407.3 162.0 408.8 162.0 Q 410.4 162.0 412.0 162.0 L 413.5 162.0',0.0,13),(63,3,'plava','plava','M 422.9 167.4 Q 427.3 166.5 428.9 166.1 Q 430.4 165.6 432.3 165.2 Q 434.2 164.7 435.7 164.3 Q 437.3 163.8 438.9 163.4 Q 440.4 162.9 442.3 162.5 Q 444.2 162.0 445.8 162.0 Q 447.3 162.0 448.9 161.8 Q 450.5 161.6 452.0 160.9 Q 453.6 160.2 455.5 159.3 Q 457.3 158.4 458.9 158.2 Q 460.5 158.0 462.0 157.5 Q 463.6 157.1 465.2 156.6 Q 466.7 156.2 468.3 155.5 Q 469.9 154.8 470.8 153.5 Q 471.7 152.1 470.2 152.8 Q 468.6 153.5 467.4 154.4 Q 466.1 155.3 464.5 156.0 Q 463.0 156.6 461.1 156.6 Q 459.2 156.6 457.7 156.6 Q 456.1 156.6 454.5 156.4 Q 453.0 156.2 451.1 156.2 Q 449.2 156.2 447.6 156.2 Q 446.1 156.2 444.5 156.4 Q 442.9 156.6 440.4 156.6 Q 437.9 156.6 436.1 156.6 Q 434.2 156.6 432.0 156.4 Q 429.8 156.2 427.3 156.0 Q 424.8 155.7 423.2 155.7 Q 421.7 155.7 420.1 156.0 Q 418.5 156.2 417.0 156.4 Q 415.4 156.6 412.9 157.1 Q 410.4 157.5 408.5 157.8 Q 406.6 158.0 404.8 158.2 Q 402.9 158.4 400.7 159.1 Q 398.5 159.8 396.9 160.0 Q 395.4 160.2 393.8 160.5 Q 392.2 160.7 390.0 161.1 Q 387.9 161.6 386.0 161.8 Q 384.1 162.0 382.2 162.5 Q 380.3 162.9 378.8 163.6 Q 377.2 164.3 375.0 165.0 Q 372.8 165.6 371.3 166.1 Q 369.7 166.5 367.5 167.2 Q 365.3 167.9 362.8 168.6 Q 360.3 169.2 358.7 169.7 Q 357.2 170.1 355.3 170.6 Q 353.4 171.0 351.9 171.2 Q 350.3 171.5 348.4 171.9 Q 346.5 172.4 344.7 172.6 Q 342.8 172.8 340.9 173.7 Q 339.0 174.6 337.5 174.8 Q 335.9 175.1 334.3 175.7 Q 332.8 176.4 334.0 175.3 Q 335.3 174.2 336.5 172.6 Q 337.8 171.0 339.3 170.8 L 340.9 170.6',0.0,14),(64,3,'plava','plava','M 145.0 138.2 Q 141.8 137.8 140.0 137.1 Q 138.1 136.4 136.5 136.0 Q 135.0 135.5 133.1 135.3 Q 131.2 135.1 129.6 134.4 Q 128.1 133.7 126.5 132.8 Q 124.9 131.9 123.4 131.0 Q 121.8 130.1 122.1 128.5 Q 122.4 127.0 124.3 126.5 Q 126.2 126.1 127.8 126.1 Q 129.3 126.1 130.9 126.1 Q 132.5 126.1 134.0 127.0 Q 135.6 127.9 137.2 129.0 Q 138.7 130.1 140.0 131.5 Q 141.2 132.8 142.8 134.2 Q 144.4 135.5 145.6 136.6 Q 146.9 137.8 148.1 138.7 Q 149.4 139.6 150.6 140.5 Q 151.9 141.4 153.4 141.8 Q 155.0 142.3 157.5 142.7 Q 160.0 143.2 162.2 143.2 Q 164.4 143.2 165.9 143.4 Q 167.5 143.6 169.1 143.6 Q 170.6 143.6 172.2 143.6 Q 173.8 143.6 175.3 143.6 Q 176.9 143.6 178.5 143.6 Q 180.0 143.6 181.6 143.6 Q 183.2 143.6 184.7 143.8 Q 186.3 144.1 187.9 144.7 Q 189.4 145.4 191.0 145.6 Q 192.6 145.9 194.1 146.3 Q 195.7 146.8 197.2 147.0 Q 198.8 147.2 200.4 146.8 Q 201.9 146.3 203.5 146.3 Q 205.1 146.3 206.6 146.3 Q 208.2 146.3 209.8 146.3 Q 211.3 146.3 212.9 146.1 Q 214.5 145.9 216.0 145.9 Q 217.6 145.9 219.2 145.9 Q 220.7 145.9 222.3 145.9 Q 223.8 145.9 225.4 145.9 Q 227.0 145.9 228.5 145.9 Q 230.1 145.9 231.7 145.9 Q 233.2 145.9 234.8 145.9 Q 236.4 145.9 238.2 145.6 L 240.1 145.4',0.0,15),(65,3,'plava','plava','M 337.8 135.1 Q 334.6 136.4 333.1 137.3 Q 331.5 138.2 330.0 138.4 Q 328.4 138.7 326.8 139.1 Q 325.3 139.6 323.1 139.6 Q 320.9 139.6 319.3 139.6 Q 317.7 139.6 316.2 139.6 Q 314.6 139.6 313.1 139.6 Q 311.5 139.6 309.9 139.6 Q 308.4 139.6 306.5 139.6 Q 304.6 139.6 303.0 139.6 Q 301.5 139.6 299.9 139.3 Q 298.3 139.1 296.8 139.1 Q 295.2 139.1 293.3 139.1 Q 291.5 139.1 289.9 139.3 Q 288.3 139.6 286.8 140.0 Q 285.2 140.5 283.6 140.5 Q 282.1 140.5 280.5 140.7 Q 278.9 140.9 275.2 141.6 Q 271.4 142.3 269.5 143.2 Q 267.7 144.1 266.4 145.0 Q 265.2 145.9 264.2 147.7 Q 263.3 149.5 262.0 150.3 Q 260.8 151.2 259.2 152.4 Q 257.7 153.5 256.7 154.8 Q 255.8 156.2 254.5 157.8 L 253.3 159.3',0.0,16),(66,3,'crvena','Crvena','M 63.0 108.1 Q 66.1 107.2 67.7 107.2 Q 69.2 107.2 70.8 107.6 Q 72.4 108.1 73.3 109.4 Q 74.2 110.8 73.6 112.4 Q 73.0 113.9 73.0 115.5 Q 73.0 117.1 73.0 118.7 Q 73.0 120.2 74.2 121.4 Q 75.5 122.5 77.1 123.6 Q 78.6 124.7 80.2 125.4 Q 81.8 126.1 83.3 126.1 Q 84.9 126.1 86.4 126.1 Q 88.0 126.1 89.6 125.2 Q 91.1 124.3 92.7 123.6 Q 94.3 122.9 95.8 122.7 Q 97.4 122.5 98.3 124.1 Q 99.3 125.6 101.2 126.5 Q 103.0 127.4 105.9 128.3 Q 108.7 129.2 110.5 129.7 Q 112.4 130.1 114.9 130.3 Q 117.4 130.6 119.3 131.0 Q 121.2 131.5 122.8 131.5 Q 124.3 131.5 125.3 129.9 Q 126.2 128.3 128.1 127.9 Q 130.0 127.4 131.5 126.8 Q 133.1 126.1 134.6 126.1 Q 136.2 126.1 137.8 126.1 Q 139.3 126.1 140.9 126.1 Q 142.5 126.1 145.0 127.0 Q 147.5 127.9 149.0 128.1 Q 150.6 128.3 152.5 128.5 Q 154.4 128.8 155.9 128.8 Q 157.5 128.8 160.0 128.8 Q 162.5 128.8 164.4 128.8 Q 166.3 128.8 167.8 128.8 Q 169.4 128.8 171.0 128.8 Q 172.5 128.8 174.4 128.8 Q 176.3 128.8 178.2 128.8 Q 180.0 128.8 181.9 128.3 Q 183.8 127.9 185.4 127.7 Q 186.9 127.4 188.5 127.0 Q 190.0 126.5 191.6 126.3 Q 193.2 126.1 194.7 126.1 Q 196.3 126.1 197.9 126.1 Q 199.4 126.1 201.0 126.1 Q 202.6 126.1 204.1 126.1 Q 205.7 126.1 207.6 126.1 Q 209.5 126.1 211.0 126.5 Q 212.6 127.0 214.1 127.7 Q 215.7 128.3 217.6 129.2 Q 219.5 130.1 221.0 130.8 Q 222.6 131.5 224.2 132.4 Q 225.7 133.3 227.3 133.7 Q 228.9 134.2 230.4 134.8 Q 232.0 135.5 233.2 134.6 Q 234.5 133.7 233.2 132.6 Q 232.0 131.5 230.4 130.3 Q 228.9 129.2 227.9 127.7 Q 227.0 126.1 226.0 124.7 Q 225.1 123.4 223.8 122.5 Q 222.6 121.6 221.7 120.2 Q 220.7 118.9 219.8 117.3 Q 218.8 115.7 218.5 114.2 Q 218.2 112.6 219.8 112.1 Q 221.3 111.7 222.9 111.7 Q 224.5 111.7 226.0 111.9 Q 227.6 112.1 229.2 111.9 Q 230.7 111.7 232.3 111.7 Q 233.9 111.7 235.4 111.7 Q 237.0 111.7 238.6 111.5 Q 240.1 111.2 241.4 110.1 Q 242.6 109.0 241.1 108.3 Q 239.5 107.6 237.9 107.2 Q 236.4 106.8 234.8 106.5 Q 233.2 106.3 231.4 105.9 Q 229.5 105.4 227.9 105.0 Q 226.4 104.5 224.5 104.3 Q 222.6 104.1 221.0 103.8 Q 219.5 103.6 217.9 103.4 Q 216.3 103.2 214.8 102.9 Q 213.2 102.7 211.6 102.7 Q 210.1 102.7 208.5 102.0 Q 206.9 101.4 205.4 101.1 Q 203.8 100.9 201.9 100.5 Q 200.1 100.0 198.8 99.1 Q 197.6 98.2 199.1 97.5 Q 200.7 96.9 202.3 96.2 Q 203.8 95.5 205.4 94.4 Q 206.9 93.3 208.5 92.1 Q 210.1 91.0 211.3 90.1 Q 212.6 89.2 213.8 88.3 Q 215.1 87.4 216.0 86.1 Q 217.0 84.7 218.2 83.6 Q 219.5 82.5 219.8 80.9 L 220.1 79.3',0.0,17),(67,3,'crvena','Crvena','M 205.7 75.3 Q 200.1 74.8 197.6 74.6 Q 195.1 74.4 192.6 74.2 Q 190.0 73.9 188.2 74.4 Q 186.3 74.8 184.4 75.3 Q 182.5 75.7 181.0 76.6 Q 179.4 77.5 177.2 78.2 Q 175.0 78.9 173.1 79.6 Q 171.3 80.2 169.4 80.9 Q 167.5 81.6 165.6 81.6 Q 163.8 81.6 162.2 81.8 Q 160.6 82.0 159.1 82.5 Q 157.5 82.9 156.2 83.8 Q 155.0 84.7 155.0 86.5 Q 155.0 88.3 155.3 90.1 Q 155.6 91.9 157.2 92.8 Q 158.7 93.7 160.3 94.2 Q 161.9 94.6 163.4 95.1 Q 165.0 95.5 166.9 96.0 Q 168.8 96.4 170.6 96.9 Q 172.5 97.3 175.0 98.2 Q 177.5 99.1 179.4 99.3 Q 181.3 99.6 183.2 99.8 Q 185.0 100.0 186.3 101.4 Q 187.5 102.7 188.5 104.1 Q 189.4 105.4 189.1 107.2 Q 188.8 109.0 188.2 111.2 Q 187.5 113.5 189.1 114.6 Q 190.7 115.7 191.9 117.1 Q 193.2 118.4 195.4 119.3 Q 197.6 120.2 199.1 121.1 Q 200.7 122.0 202.6 122.5 Q 204.4 122.9 206.0 123.4 L 207.6 123.8',0.0,18),(68,3,'crvena','Crvena','M 166.9 81.1 Q 164.4 83.4 163.8 85.0 Q 163.1 86.5 164.1 88.1 Q 165.0 89.7 166.6 90.3 Q 168.1 91.0 170.0 91.2 Q 171.9 91.5 173.5 91.5 Q 175.0 91.5 176.3 92.6 Q 177.5 93.7 178.8 94.8 Q 180.0 96.0 181.3 96.9 Q 182.5 97.8 184.4 98.4 Q 186.3 99.1 188.2 99.6 Q 190.0 100.0 191.6 100.2 Q 193.2 100.5 194.7 100.7 Q 196.3 100.9 197.9 101.4 Q 199.4 101.8 201.0 102.3 Q 202.6 102.7 204.4 103.2 Q 206.3 103.6 208.2 104.1 Q 210.1 104.5 211.6 104.7 Q 213.2 105.0 214.8 105.6 Q 216.3 106.3 217.3 107.6 Q 218.2 109.0 218.2 110.6 L 218.2 112.1',0.0,19),(69,3,'crvena','Crvena','M 167.5 165.6 Q 165.0 167.9 165.0 169.5 Q 165.0 171.0 164.4 172.6 Q 163.8 174.2 163.4 176.2 Q 163.1 178.2 163.1 180.0 Q 163.1 181.8 163.1 183.4 Q 163.1 185.0 163.4 186.8 Q 163.8 188.6 165.3 189.2 Q 166.9 189.9 168.5 190.8 Q 170.0 191.7 171.6 192.6 Q 173.1 193.5 174.7 194.2 Q 176.3 194.8 178.2 194.8 Q 180.0 194.8 181.6 194.8 Q 183.2 194.8 184.7 194.6 Q 186.3 194.4 187.9 193.9 Q 189.4 193.5 191.0 193.0 Q 192.6 192.6 194.1 192.6 Q 195.7 192.6 197.2 192.6 Q 198.8 192.6 197.6 193.9 Q 196.3 195.3 195.1 196.4 Q 193.8 197.5 193.2 199.1 Q 192.6 200.7 193.5 202.0 Q 194.4 203.4 195.7 204.5 Q 196.9 205.6 198.5 205.6 Q 200.1 205.6 201.6 205.0 Q 203.2 204.3 204.8 204.1 Q 206.3 203.8 206.6 205.4 Q 206.9 207.0 207.9 208.3 Q 208.8 209.7 210.7 209.9 Q 212.6 210.1 214.8 209.2 Q 217.0 208.3 217.9 207.0 Q 218.8 205.6 220.1 204.5 Q 221.3 203.4 222.6 202.5 Q 223.8 201.6 225.4 201.4 Q 227.0 201.1 227.3 202.7 Q 227.6 204.3 228.9 205.4 Q 230.1 206.5 231.7 207.4 Q 233.2 208.3 234.5 209.5 Q 235.7 210.6 237.6 211.5 Q 239.5 212.4 241.1 213.3 Q 242.6 214.2 244.2 214.6 Q 245.8 215.1 247.6 215.3 Q 249.5 215.5 251.1 215.7 Q 252.6 216.0 254.5 216.0 Q 256.4 216.0 258.3 215.7 Q 260.2 215.5 262.3 215.5 Q 264.5 215.5 266.1 215.5 Q 267.7 215.5 269.2 215.3 Q 270.8 215.1 272.4 214.8 Q 273.9 214.6 275.5 214.6 Q 277.1 214.6 278.6 214.8 L 280.2 215.1',0.0,20),(70,3,'crvena','Crvena','M 407.3 69.9 Q 403.5 70.3 401.9 71.2 Q 400.4 72.1 399.1 73.0 Q 397.9 73.9 396.3 75.3 Q 394.7 76.6 393.2 77.3 Q 391.6 78.0 389.7 78.7 Q 387.9 79.3 386.6 80.2 Q 385.4 81.1 383.5 81.4 Q 381.6 81.6 380.0 82.3 Q 378.5 82.9 376.9 83.2 Q 375.3 83.4 373.5 84.1 Q 371.6 84.7 370.0 84.7 L 368.5 84.7',0.0,21),(71,3,'crvena','Crvena','M 387.9 87.0 Q 387.9 90.1 386.6 91.7 Q 385.4 93.3 383.8 93.9 Q 382.2 94.6 380.3 95.1 Q 378.5 95.5 376.9 95.7 Q 375.3 96.0 373.8 96.2 Q 372.2 96.4 370.3 96.9 Q 368.5 97.3 365.6 98.0 Q 362.8 98.7 360.9 99.1 Q 359.1 99.6 356.6 100.2 Q 354.1 100.9 352.2 101.4 Q 350.3 101.8 348.4 102.3 Q 346.5 102.7 345.0 103.6 Q 343.4 104.5 342.5 106.3 Q 341.5 108.1 340.0 110.1 Q 338.4 112.1 337.2 113.0 Q 335.9 113.9 334.3 115.3 Q 332.8 116.6 332.5 118.2 Q 332.1 119.8 332.1 121.6 Q 332.1 123.4 333.7 123.8 Q 335.3 124.3 337.2 123.6 Q 339.0 122.9 340.3 122.0 Q 341.5 121.1 343.1 120.5 Q 344.7 119.8 345.9 118.7 Q 347.2 117.5 349.4 116.4 Q 351.5 115.3 353.4 115.1 Q 355.3 114.8 357.5 114.8 Q 359.7 114.8 361.9 114.4 Q 364.1 113.9 367.2 113.7 Q 370.3 113.5 371.9 113.0 Q 373.5 112.6 375.3 112.4 Q 377.2 112.1 378.8 111.5 Q 380.3 110.8 381.9 110.3 Q 383.5 109.9 385.0 109.4 Q 386.6 109.0 387.9 108.1 Q 389.1 107.2 390.0 105.4 L 391.0 103.6',0.0,22),(72,3,'crvena','Crvena','M 295.2 226.8 Q 300.2 227.2 302.1 227.4 Q 304.0 227.7 305.5 227.9 Q 307.1 228.1 308.7 228.1 Q 310.2 228.1 312.4 228.1 Q 314.6 228.1 316.2 228.1 Q 317.7 228.1 319.6 227.7 Q 321.5 227.2 322.8 226.1 Q 324.0 225.0 325.6 223.6 Q 327.1 222.3 328.7 220.9 Q 330.3 219.6 331.2 218.2 Q 332.1 216.9 333.7 215.5 Q 335.3 214.2 336.5 212.8 Q 337.8 211.5 339.0 210.6 Q 340.3 209.7 341.8 209.2 Q 343.4 208.8 345.3 208.6 Q 347.2 208.3 349.0 207.7 Q 350.9 207.0 353.1 206.8 Q 355.3 206.5 357.2 205.9 Q 359.1 205.2 360.9 205.0 Q 362.8 204.7 364.4 204.1 Q 365.9 203.4 367.5 203.4 Q 369.1 203.4 371.3 202.3 Q 373.5 201.1 375.0 199.8 Q 376.6 198.4 377.5 196.4 Q 378.5 194.4 379.7 192.2 Q 381.0 189.9 382.5 189.2 Q 384.1 188.6 386.0 188.6 Q 387.9 188.6 389.4 188.3 Q 391.0 188.1 394.4 187.2 Q 397.9 186.3 400.4 185.9 Q 402.9 185.4 404.4 184.7 Q 406.0 184.1 407.6 183.8 Q 409.1 183.6 411.0 183.2 Q 412.9 182.7 414.8 182.3 Q 416.7 181.8 418.5 181.4 Q 420.4 180.9 422.9 180.2 Q 425.4 179.6 427.9 178.9 Q 430.4 178.2 432.0 178.0 Q 433.6 177.8 437.0 176.6 Q 440.4 175.5 442.0 175.1 Q 443.6 174.6 445.4 174.2 Q 447.3 173.7 449.2 172.6 Q 451.1 171.5 452.3 170.6 Q 453.6 169.7 454.5 168.1 Q 455.5 166.5 455.8 165.0 Q 456.1 163.4 457.0 162.0 Q 458.0 160.7 459.2 159.3 L 460.5 158.0',0.0,23),(73,3,'crvena','Crvena','M 399.1 185.9 Q 396.0 184.1 394.4 183.6 Q 392.9 183.2 391.0 182.7 Q 389.1 182.3 387.2 182.0 Q 385.4 181.8 383.5 182.0 Q 381.6 182.3 380.0 182.9 Q 378.5 183.6 376.6 183.6 Q 374.7 183.6 373.1 183.6 Q 371.6 183.6 369.1 183.6 Q 366.6 183.6 364.7 183.8 Q 362.8 184.1 361.3 184.1 Q 359.7 184.1 361.3 183.8 Q 362.8 183.6 364.4 183.6 Q 365.9 183.6 367.5 183.6 Q 369.1 183.6 371.0 183.6 Q 372.8 183.6 374.4 183.6 Q 376.0 183.6 377.5 183.6 Q 379.1 183.6 380.7 183.2 Q 382.2 182.7 383.8 182.7 Q 385.4 182.7 386.9 182.7 Q 388.5 182.7 387.9 184.5 Q 387.2 186.3 388.5 184.5 Q 389.7 182.7 391.0 181.1 L 392.2 179.6',0.0,24),(74,3,'crvena','Crvena','M 569.4 57.3 Q 572.5 57.3 574.1 57.3 Q 575.6 57.3 576.3 58.9 Q 576.9 60.5 576.9 62.0 Q 576.9 63.6 578.5 64.1 Q 580.0 64.5 581.6 64.7 Q 583.2 64.9 584.4 65.8 Q 585.7 66.7 586.9 67.6 Q 588.2 68.5 588.2 70.1 Q 588.2 71.7 586.9 73.3 Q 585.7 74.8 584.4 75.7 Q 583.2 76.6 581.3 77.1 Q 579.4 77.5 577.8 78.4 Q 576.3 79.3 575.0 80.2 Q 573.8 81.1 571.9 81.6 Q 570.0 82.0 568.1 82.5 Q 566.3 82.9 563.8 83.8 Q 561.3 84.7 559.7 85.4 Q 558.1 86.1 556.6 86.5 Q 555.0 87.0 554.1 88.8 Q 553.1 90.6 554.1 91.9 Q 555.0 93.3 554.7 94.8 Q 554.4 96.4 552.8 97.3 Q 551.2 98.2 550.0 99.6 Q 548.7 100.9 547.8 102.5 Q 546.9 104.1 545.9 105.9 Q 545.0 107.6 543.7 108.8 Q 542.5 109.9 540.6 110.8 Q 538.7 111.7 537.8 113.3 Q 536.8 114.8 535.6 116.4 Q 534.3 118.0 532.8 119.1 Q 531.2 120.2 530.0 121.1 Q 528.7 122.0 527.1 122.3 Q 525.6 122.5 524.0 122.5 Q 522.4 122.5 520.9 122.5 Q 519.3 122.5 517.4 122.5 Q 515.6 122.5 514.3 123.4 Q 513.1 124.3 511.5 125.2 Q 509.9 126.1 508.4 125.4 Q 506.8 124.7 504.9 125.0 Q 503.0 125.2 501.2 125.6 Q 499.3 126.1 498.0 127.0 Q 496.8 127.9 496.5 129.7 Q 496.2 131.5 494.9 132.4 Q 493.6 133.3 492.1 133.9 Q 490.5 134.6 489.0 134.6 Q 487.4 134.6 485.2 134.8 Q 483.0 135.1 480.8 135.5 Q 478.6 136.0 477.1 136.2 Q 475.5 136.4 473.9 136.9 Q 472.4 137.3 470.2 138.9 Q 468.0 140.5 465.5 141.4 Q 463.0 142.3 461.4 142.9 Q 459.8 143.6 458.3 143.6 Q 456.7 143.6 455.1 143.6 Q 453.6 143.6 452.0 143.6 Q 450.5 143.6 448.6 144.1 Q 446.7 144.5 445.1 145.4 Q 443.6 146.3 441.7 147.2 Q 439.8 148.1 438.2 148.8 Q 436.7 149.5 434.8 150.1 Q 432.9 150.8 431.4 151.2 Q 429.8 151.7 428.2 152.1 L 426.7 152.6',0.0,25),(75,3,'crvena','Crvena','M 437.9 156.6 Q 434.2 157.1 432.6 157.5 Q 431.0 158.0 429.5 158.2 Q 427.9 158.4 426.4 158.9 Q 424.8 159.3 422.9 159.8 Q 421.0 160.2 418.5 160.2 Q 416.0 160.2 414.5 160.2 Q 412.9 160.2 411.0 160.2 Q 409.1 160.2 407.3 160.5 Q 405.4 160.7 403.5 160.9 Q 401.6 161.1 399.7 161.4 Q 397.9 161.6 395.7 161.8 Q 393.5 162.0 391.9 162.7 Q 390.4 163.4 388.8 163.6 Q 387.2 163.8 385.7 164.1 Q 384.1 164.3 381.9 164.7 Q 379.7 165.2 377.5 165.6 Q 375.3 166.1 373.8 166.8 Q 372.2 167.4 370.0 167.7 Q 367.8 167.9 365.6 168.6 Q 363.4 169.2 361.9 169.5 Q 360.3 169.7 358.7 169.9 Q 357.2 170.1 354.7 170.6 Q 352.2 171.0 350.6 171.5 Q 349.0 171.9 347.2 172.1 Q 345.3 172.4 343.1 173.0 Q 340.9 173.7 339.3 173.9 Q 337.8 174.2 335.6 174.6 Q 333.4 175.1 331.8 175.7 Q 330.3 176.4 328.1 177.1 Q 325.9 177.8 324.3 178.2 Q 322.8 178.7 321.2 179.6 Q 319.6 180.5 318.1 181.1 L 316.5 181.8',0.0,26),(76,3,'crvena','Crvena','M 588.8 73.0 Q 590.7 70.3 591.6 68.8 Q 592.6 67.2 592.6 65.6 Q 592.6 64.1 591.6 62.7 Q 590.7 61.4 589.1 60.7 Q 587.5 60.0 586.0 60.0 Q 584.4 60.0 582.8 60.0 Q 581.3 60.0 579.7 60.0 L 578.2 60.0',0.0,27),(77,3,'crvena','Crvena','M 578.2 63.6 Q 575.0 64.9 573.5 65.4 Q 571.9 65.8 570.0 65.8 Q 568.1 65.8 566.3 65.8 Q 564.4 65.8 562.8 65.8 Q 561.3 65.8 559.7 65.6 Q 558.1 65.4 556.6 65.4 Q 555.0 65.4 553.1 65.4 Q 551.2 65.4 549.7 65.4 Q 548.1 65.4 546.2 65.8 Q 544.4 66.3 542.5 66.5 Q 540.6 66.7 539.0 67.4 Q 537.5 68.1 535.9 68.3 Q 534.3 68.5 532.8 68.8 Q 531.2 69.0 529.6 69.4 Q 528.1 69.9 526.5 70.1 Q 524.9 70.3 523.4 70.8 Q 521.8 71.2 520.3 72.6 Q 518.7 73.9 517.1 73.7 Q 515.6 73.5 513.7 73.0 Q 511.8 72.6 509.9 72.6 Q 508.0 72.6 506.2 72.6 Q 504.3 72.6 502.7 72.6 Q 501.2 72.6 499.6 72.8 Q 498.0 73.0 497.4 74.6 Q 496.8 76.2 498.7 76.9 Q 500.5 77.5 499.9 79.3 Q 499.3 81.1 497.4 81.8 Q 495.5 82.5 493.3 82.9 Q 491.1 83.4 489.6 83.8 Q 488.0 84.3 485.8 84.7 Q 483.6 85.2 482.1 85.6 Q 480.5 86.1 478.9 86.5 Q 477.4 87.0 475.8 87.6 Q 474.2 88.3 472.7 89.2 Q 471.1 90.1 469.2 91.0 Q 467.4 91.9 463.0 93.5 Q 458.6 95.1 456.7 96.0 Q 454.8 96.9 452.6 97.3 Q 450.5 97.8 449.2 98.9 Q 447.9 100.0 446.7 101.4 Q 445.4 102.7 443.9 104.3 Q 442.3 105.9 440.4 107.0 Q 438.6 108.1 437.3 109.0 Q 436.1 109.9 434.8 111.2 Q 433.6 112.6 431.0 113.9 Q 428.5 115.3 427.0 116.2 Q 425.4 117.1 424.2 118.0 Q 422.9 118.9 421.7 119.8 Q 420.4 120.7 418.5 121.6 Q 416.7 122.5 415.1 123.2 Q 413.5 123.8 412.0 124.5 Q 410.4 125.2 408.8 125.9 Q 407.3 126.5 405.1 127.2 Q 402.9 127.9 401.0 128.1 L 399.1 128.3',0.0,28),(78,3,'crvena','Crvena','M 470.5 79.3 Q 469.2 82.5 470.5 83.6 Q 471.7 84.7 473.0 85.8 Q 474.2 87.0 473.0 88.3 Q 471.7 89.7 470.2 90.1 Q 468.6 90.6 467.0 91.2 Q 465.5 91.9 463.9 92.6 Q 462.3 93.3 460.2 93.5 Q 458.0 93.7 456.4 93.9 Q 454.8 94.2 452.0 94.2 Q 449.2 94.2 447.6 94.4 Q 446.1 94.6 444.5 95.1 Q 442.9 95.5 441.4 96.0 Q 439.8 96.4 438.2 96.9 Q 436.7 97.3 435.1 98.2 Q 433.6 99.1 431.0 99.8 Q 428.5 100.5 427.0 100.7 Q 425.4 100.9 423.5 100.9 Q 421.7 100.9 419.8 101.6 Q 417.9 102.3 416.3 102.5 Q 414.8 102.7 412.6 103.6 L 410.4 104.5',0.0,29),(79,3,'crna','crna','M 363.4 130.1 Q 361.6 133.3 360.3 134.4 Q 359.1 135.5 358.1 136.9 Q 357.2 138.2 357.2 139.8 Q 357.2 141.4 357.8 142.9 Q 358.4 144.5 358.1 146.1 Q 357.8 147.7 356.6 148.6 Q 355.3 149.5 354.4 151.2 Q 353.4 153.0 352.2 154.4 L 350.9 155.7',0.0,30),(80,3,'crvena','Crvena','M 432.3 76.2 Q 427.9 79.3 426.4 80.0 Q 424.8 80.7 423.2 81.4 Q 421.7 82.0 419.8 82.9 Q 417.9 83.8 416.3 84.3 Q 414.8 84.7 413.5 85.6 Q 412.3 86.5 411.6 88.1 Q 411.0 89.7 410.4 91.2 Q 409.8 92.8 408.8 94.2 L 407.9 95.5',0.0,31),(81,3,'crvena','Crvena','M 237.6 82.9 Q 243.3 82.9 245.4 83.6 Q 247.6 84.3 249.2 84.5 Q 250.8 84.7 252.3 85.6 Q 253.9 86.5 255.1 87.4 Q 256.4 88.3 258.3 88.8 Q 260.2 89.2 262.3 89.9 Q 264.5 90.6 266.1 91.2 Q 267.7 91.9 269.2 92.8 Q 270.8 93.7 273.0 94.4 Q 275.2 95.1 277.1 95.7 Q 278.9 96.4 281.1 97.1 Q 283.3 97.8 285.2 98.4 Q 287.1 99.1 288.6 100.0 Q 290.2 100.9 292.1 101.6 Q 294.0 102.3 295.8 102.9 Q 297.7 103.6 299.3 104.5 Q 300.8 105.4 302.4 106.1 Q 304.0 106.8 305.9 108.1 Q 307.7 109.4 309.0 110.6 Q 310.2 111.7 311.5 113.0 Q 312.7 114.4 314.0 115.7 Q 315.2 117.1 316.5 118.0 L 317.7 118.9',0.0,32),(82,3,'crvena','Crvena','M 242.0 84.3 Q 245.1 84.3 246.7 85.0 Q 248.3 85.6 249.8 86.1 Q 251.4 86.5 253.0 87.2 Q 254.5 87.9 256.1 88.3 Q 257.7 88.8 259.2 89.4 Q 260.8 90.1 262.0 91.0 Q 263.3 91.9 264.5 93.0 Q 265.8 94.2 264.2 94.8 Q 262.7 95.5 262.7 97.1 Q 262.7 98.7 263.0 100.2 Q 263.3 101.8 264.5 102.9 Q 265.8 104.1 268.0 105.0 Q 270.2 105.9 271.4 106.8 Q 272.7 107.6 274.2 108.3 Q 275.8 109.0 278.3 109.0 Q 280.8 109.0 282.4 109.2 Q 283.9 109.4 285.8 109.4 Q 287.7 109.4 289.3 109.7 Q 290.8 109.9 293.0 110.3 Q 295.2 110.8 296.8 111.2 Q 298.3 111.7 300.2 112.6 Q 302.1 113.5 304.0 114.4 Q 305.9 115.3 307.4 116.0 Q 309.0 116.6 310.5 117.3 Q 312.1 118.0 312.4 119.6 Q 312.7 121.1 311.5 122.3 Q 310.2 123.4 308.0 123.8 Q 305.9 124.3 304.0 125.0 Q 302.1 125.6 300.5 126.1 Q 299.0 126.5 297.1 127.2 Q 295.2 127.9 293.3 128.5 Q 291.5 129.2 289.6 129.4 Q 287.7 129.7 285.5 130.3 Q 283.3 131.0 281.8 131.2 Q 280.2 131.5 278.3 132.4 Q 276.4 133.3 275.2 134.2 Q 273.9 135.1 272.4 136.0 Q 270.8 136.9 269.2 138.0 Q 267.7 139.1 266.4 140.0 Q 265.2 140.9 263.9 141.8 Q 262.7 142.7 259.8 143.4 Q 257.0 144.1 256.1 145.4 Q 255.1 146.8 254.8 148.6 Q 254.5 150.3 253.6 151.7 L 252.6 153.0',0.0,33),(83,3,'crna','crna','M 543.1 109.9 Q 542.5 113.0 541.2 114.2 Q 540.0 115.3 538.7 116.2 Q 537.5 117.1 535.9 118.2 Q 534.3 119.3 532.8 120.2 Q 531.2 121.1 529.6 121.8 Q 528.1 122.5 526.5 123.4 Q 524.9 124.3 523.4 125.2 Q 521.8 126.1 520.3 127.0 Q 518.7 127.9 517.4 128.8 Q 516.2 129.7 514.9 130.6 Q 513.7 131.5 512.4 132.4 Q 511.2 133.3 509.6 133.9 Q 508.0 134.6 506.5 135.3 Q 504.9 136.0 503.3 136.4 Q 501.8 136.9 500.2 137.5 Q 498.7 138.2 497.1 138.7 Q 495.5 139.1 493.6 139.8 Q 491.8 140.5 489.9 141.4 Q 488.0 142.3 486.4 142.5 Q 484.9 142.7 483.3 143.4 Q 481.8 144.1 480.2 144.1 Q 478.6 144.1 477.1 144.5 Q 475.5 145.0 473.9 145.4 Q 472.4 145.9 470.8 146.3 Q 469.2 146.8 467.7 147.2 Q 466.1 147.7 464.5 147.9 Q 463.0 148.1 461.4 148.8 Q 459.8 149.5 458.3 149.7 Q 456.7 149.9 455.1 150.1 Q 453.6 150.3 452.0 150.8 Q 450.5 151.2 448.9 151.2 Q 447.3 151.2 445.4 151.2 Q 443.6 151.2 442.0 151.2 Q 440.4 151.2 438.6 151.5 Q 436.7 151.7 435.1 151.7 Q 433.6 151.7 432.0 151.7 Q 430.4 151.7 428.2 152.1 L 426.0 152.6',0.0,34),(84,3,'crna','crna','M 557.5 63.2 Q 553.7 64.5 552.2 65.2 Q 550.6 65.8 549.0 66.3 Q 547.5 66.7 545.9 67.2 Q 544.4 67.6 542.8 68.3 Q 541.2 69.0 540.6 70.6 Q 540.0 72.1 539.0 73.5 Q 538.1 74.8 536.8 75.7 Q 535.6 76.6 534.3 77.8 Q 533.1 78.9 531.5 79.8 Q 530.0 80.7 528.7 81.6 Q 527.4 82.5 525.6 83.4 Q 523.7 84.3 522.4 85.4 Q 521.2 86.5 519.9 87.6 Q 518.7 88.8 517.4 89.7 Q 516.2 90.6 514.3 91.9 Q 512.4 93.3 510.9 93.9 Q 509.3 94.6 507.7 96.6 Q 506.2 98.7 504.3 100.7 Q 502.4 102.7 501.5 104.1 Q 500.5 105.4 499.3 106.8 Q 498.0 108.1 497.1 109.4 Q 496.2 110.8 495.2 112.1 Q 494.3 113.5 493.6 115.3 Q 493.0 117.1 491.8 118.7 Q 490.5 120.2 489.6 121.8 Q 488.6 123.4 487.4 125.2 Q 486.1 127.0 485.2 128.3 Q 484.3 129.7 482.7 131.5 Q 481.1 133.3 479.9 134.4 Q 478.6 135.5 477.4 136.6 Q 476.1 137.8 474.9 138.9 Q 473.6 140.0 472.1 140.7 L 470.5 141.4',0.0,35),(85,3,'crna','crna','M 160.6 94.6 Q 165.0 96.9 166.6 98.0 Q 168.1 99.1 169.4 100.0 Q 170.6 100.9 172.2 101.8 Q 173.8 102.7 175.3 103.4 Q 176.9 104.1 178.5 105.0 Q 180.0 105.9 181.6 107.0 Q 183.2 108.1 184.7 108.8 Q 186.3 109.4 187.9 110.1 L 189.4 110.8',0.0,36),(86,3,'crna','crna','M 190.7 103.2 Q 193.8 103.6 195.1 104.5 Q 196.3 105.4 197.6 106.8 Q 198.8 108.1 200.1 109.2 Q 201.3 110.3 202.6 111.5 Q 203.8 112.6 205.1 113.7 Q 206.3 114.8 207.6 116.0 Q 208.8 117.1 209.8 118.4 Q 210.7 119.8 212.3 120.9 Q 213.8 122.0 215.1 122.9 Q 216.3 123.8 217.9 124.7 Q 219.5 125.6 221.0 126.3 Q 222.6 127.0 224.2 128.1 Q 225.7 129.2 227.0 130.1 Q 228.2 131.0 229.5 131.9 L 230.7 132.8',0.0,37);
/*!40000 ALTER TABLE `staze_putanje` ENABLE KEYS */;
UNLOCK TABLES;

--
-- Table structure for table `staze_status`
--

DROP TABLE IF EXISTS `staze_status`;
/*!40101 SET @saved_cs_client     = @@character_set_client */;
/*!40101 SET character_set_client = utf8 */;
CREATE TABLE `staze_status` (
  `destinacija_id` int(11) NOT NULL,
  `plave_otvorene` smallint(5) unsigned NOT NULL DEFAULT 0,
  `plave_ukupno` smallint(5) unsigned NOT NULL DEFAULT 0,
  `crvene_otvorene` smallint(5) unsigned NOT NULL DEFAULT 0,
  `crvene_ukupno` smallint(5) unsigned NOT NULL DEFAULT 0,
  `crne_otvorene` smallint(5) unsigned NOT NULL DEFAULT 0,
  `crne_ukupno` smallint(5) unsigned NOT NULL DEFAULT 0,
  `zicara_aktivnih` smallint(5) unsigned NOT NULL DEFAULT 0,
  `zicara_ukupno` smallint(5) unsigned NOT NULL DEFAULT 0,
  PRIMARY KEY (`destinacija_id`),
  CONSTRAINT `fk_staze_status_dest` FOREIGN KEY (`destinacija_id`) REFERENCES `destinacije` (`id`) ON DELETE CASCADE
) ENGINE=InnoDB DEFAULT CHARSET=utf8mb4 COLLATE=utf8mb4_unicode_ci;
/*!40101 SET character_set_client = @saved_cs_client */;

--
-- Dumping data for table `staze_status`
--

LOCK TABLES `staze_status` WRITE;
/*!40000 ALTER TABLE `staze_status` DISABLE KEYS */;
INSERT INTO `staze_status` VALUES (1,12,15,8,10,2,4,14,17),(2,18,22,24,30,9,12,42,49),(3,32,38,35,42,11,14,28,31),(6,20,24,22,28,6,9,75,87),(7,10,13,6,9,2,3,22,25),(8,12,15,8,11,3,4,12,14);
/*!40000 ALTER TABLE `staze_status` ENABLE KEYS */;
UNLOCK TABLES;

--
-- Table structure for table `ticker_items`
--

DROP TABLE IF EXISTS `ticker_items`;
/*!40101 SET @saved_cs_client     = @@character_set_client */;
/*!40101 SET character_set_client = utf8 */;
CREATE TABLE `ticker_items` (
  `id` int(11) NOT NULL AUTO_INCREMENT,
  `tekst` varchar(255) NOT NULL,
  `aktivan` tinyint(1) NOT NULL DEFAULT 1,
  `redosled` smallint(6) NOT NULL DEFAULT 0,
  PRIMARY KEY (`id`)
) ENGINE=InnoDB AUTO_INCREMENT=12 DEFAULT CHARSET=utf8mb4 COLLATE=utf8mb4_unicode_ci;
/*!40101 SET character_set_client = @saved_cs_client */;

--
-- Dumping data for table `ticker_items`
--

LOCK TABLES `ticker_items` WRITE;
/*!40000 ALTER TABLE `ticker_items` DISABLE KEYS */;
INSERT INTO `ticker_items` VALUES (1,'Les Orres: 185 cm snega na vrhu · Prajder odličan',1,10),(2,'Batrovci (SRB/HRV): Zadržavanje ~25 min',1,20),(3,'Chamonix-Mont-Blanc: Sve žičare u pogonu · Vidljivost odlična',1,30),(4,'Simplon prevoj (CH): Obavezni lanci ili zimske gume',1,40),(5,'Val Thorens: 310 cm snega · Sezona traje do kraja aprila',1,50),(6,'Horgoš (SRB/HUN): Bez zadržavanja',1,60),(7,'Innsbruck / St. Anton: -6°C · Sunčano · Sve staze otvorene',1,70),(8,'Brenner autoput (AT): Zimska oprema obavezna iznad 700 m',1,80),(9,'Šid (SRB/HRV): Zadržavanje ~15 min',1,100),(10,'Kopaonik: -1°C · Sunčano · Domaća sezona u punom jeku',1,130),(11,'Bansko: 140 cm snega · Najpristupačnija opcija u regionu',1,140);
/*!40000 ALTER TABLE `ticker_items` ENABLE KEYS */;
UNLOCK TABLES;

--
-- Table structure for table `transport_opcije`
--

DROP TABLE IF EXISTS `transport_opcije`;
/*!40101 SET @saved_cs_client     = @@character_set_client */;
/*!40101 SET character_set_client = utf8 */;
CREATE TABLE `transport_opcije` (
  `id` int(11) NOT NULL AUTO_INCREMENT,
  `destinacija_id` int(11) NOT NULL,
  `tip` enum('bus','avion','auto') NOT NULL DEFAULT 'bus',
  `naziv` varchar(100) NOT NULL,
  `podnaslov` varchar(120) DEFAULT NULL,
  `cena_po_osobi` decimal(7,2) NOT NULL DEFAULT 0.00,
  `stavke_json` longtext CHARACTER SET utf8mb4 COLLATE utf8mb4_bin DEFAULT NULL CHECK (json_valid(`stavke_json`)),
  `redosled` smallint(6) NOT NULL DEFAULT 0,
  PRIMARY KEY (`id`),
  KEY `idx_dest` (`destinacija_id`),
  CONSTRAINT `fk_transport_dest` FOREIGN KEY (`destinacija_id`) REFERENCES `destinacije` (`id`) ON DELETE CASCADE
) ENGINE=InnoDB AUTO_INCREMENT=22 DEFAULT CHARSET=utf8mb4 COLLATE=utf8mb4_unicode_ci;
/*!40101 SET character_set_client = @saved_cs_client */;

--
-- Dumping data for table `transport_opcije`
--

LOCK TABLES `transport_opcije` WRITE;
/*!40000 ALTER TABLE `transport_opcije` DISABLE KEYS */;
INSERT INTO `transport_opcije` VALUES (1,1,'bus','Agencijski Autobus','Direktna linija iz Beograda',134.00,'[{\"label\": \"Polazak\", \"vrednost\": \"Sava Centar, 22:00h\"}, {\"label\": \"Trajanje\", \"vrednost\": \"~20h vožnje\"}, {\"label\": \"Povratak\", \"vrednost\": \"Nedeljom, 14:00h\"}, {\"label\": \"Prtljag\", \"vrednost\": \"Kofer + ski torba\"}, {\"label\": \"Cena karte\", \"vrednost\": \"134 EUR / osobi\"}]',10),(2,2,'bus','Agencijski Autobus','Direktna linija iz Beograda',130.00,'[{\"label\": \"Polazak\", \"vrednost\": \"Sava Centar, 22:00h\"}, {\"label\": \"Trajanje\", \"vrednost\": \"~19h vožnje\"}, {\"label\": \"Povratak\", \"vrednost\": \"Nedeljom, 14:00h\"}, {\"label\": \"Prtljag\", \"vrednost\": \"Kofer + ski torba\"}, {\"label\": \"Cena karte\", \"vrednost\": \"130 EUR / osobi\"}]',10),(3,3,'bus','Agencijski Autobus','Direktna linija iz Beograda',138.00,'[{\"label\": \"Polazak\", \"vrednost\": \"Sava Centar, 22:00h\"}, {\"label\": \"Trajanje\", \"vrednost\": \"~20h vožnje\"}, {\"label\": \"Povratak\", \"vrednost\": \"Nedeljom, 14:00h\"}, {\"label\": \"Prtljag\", \"vrednost\": \"Kofer + ski torba\"}, {\"label\": \"Cena karte\", \"vrednost\": \"138 EUR / osobi\"}]',10),(4,6,'bus','Agencijski Autobus','Direktna linija iz Beograda',87.00,'[{\"label\": \"Polazak\", \"vrednost\": \"Sava Centar, 22:00h\"}, {\"label\": \"Trajanje\", \"vrednost\": \"~13h vožnje\"}, {\"label\": \"Povratak\", \"vrednost\": \"Nedeljom, 14:00h\"}, {\"label\": \"Prtljag\", \"vrednost\": \"Kofer + ski torba\"}, {\"label\": \"Cena karte\", \"vrednost\": \"87 EUR / osobi\"}]',10),(5,7,'bus','Agencijski Autobus','Direktna linija iz Beograda',24.00,'[{\"label\": \"Polazak\", \"vrednost\": \"Sava Centar, 22:00h\"}, {\"label\": \"Trajanje\", \"vrednost\": \"~4h vožnje\"}, {\"label\": \"Povratak\", \"vrednost\": \"Nedeljom, 14:00h\"}, {\"label\": \"Prtljag\", \"vrednost\": \"Kofer + ski torba\"}, {\"label\": \"Cena karte\", \"vrednost\": \"24 EUR / osobi\"}]',10),(6,8,'bus','Agencijski Autobus','Direktna linija iz Beograda',45.00,'[{\"label\": \"Polazak\", \"vrednost\": \"Sava Centar, 22:00h\"}, {\"label\": \"Trajanje\", \"vrednost\": \"~7h vožnje\"}, {\"label\": \"Povratak\", \"vrednost\": \"Nedeljom, 14:00h\"}, {\"label\": \"Prtljag\", \"vrednost\": \"Kofer + ski torba\"}, {\"label\": \"Cena karte\", \"vrednost\": \"45 EUR / osobi\"}]',10),(8,1,'avion','Avion + Transfer','Najbrža opcija',250.00,'[{\"label\": \"Aerodrom\", \"vrednost\": \"BEG - Najbliži\"}, {\"label\": \"Let\", \"vrednost\": \"~2h\"}, {\"label\": \"Transfer\", \"vrednost\": \"Aerodrom - Hotel\"}, {\"label\": \"Trajanje transfera\", \"vrednost\": \"~1.5h\"}, {\"label\": \"Paket cena\", \"vrednost\": \"250 EUR / osobi\"}]',20),(9,2,'avion','Avion + Transfer','Najbrža opcija',250.00,'[{\"label\": \"Aerodrom\", \"vrednost\": \"BEG - Najbliži\"}, {\"label\": \"Let\", \"vrednost\": \"~2h\"}, {\"label\": \"Transfer\", \"vrednost\": \"Aerodrom - Hotel\"}, {\"label\": \"Trajanje transfera\", \"vrednost\": \"~1.5h\"}, {\"label\": \"Paket cena\", \"vrednost\": \"250 EUR / osobi\"}]',20),(10,3,'avion','Avion + Transfer','Najbrža opcija',250.00,'[{\"label\": \"Aerodrom\", \"vrednost\": \"BEG - Najbliži\"}, {\"label\": \"Let\", \"vrednost\": \"~2h\"}, {\"label\": \"Transfer\", \"vrednost\": \"Aerodrom - Hotel\"}, {\"label\": \"Trajanje transfera\", \"vrednost\": \"~1.5h\"}, {\"label\": \"Paket cena\", \"vrednost\": \"250 EUR / osobi\"}]',20),(11,6,'avion','Avion + Transfer','Najbrža opcija',250.00,'[{\"label\": \"Aerodrom\", \"vrednost\": \"BEG - Najbliži\"}, {\"label\": \"Let\", \"vrednost\": \"~2h\"}, {\"label\": \"Transfer\", \"vrednost\": \"Aerodrom - Hotel\"}, {\"label\": \"Trajanje transfera\", \"vrednost\": \"~1.5h\"}, {\"label\": \"Paket cena\", \"vrednost\": \"250 EUR / osobi\"}]',20),(12,7,'avion','Avion + Transfer','Najbrža opcija',0.00,'[{\"label\": \"Aerodrom\", \"vrednost\": \"Nije primenljivo\"}, {\"label\": \"Let\", \"vrednost\": \"—\"}, {\"label\": \"Transfer\", \"vrednost\": \"Aerodrom - Hotel\"}, {\"label\": \"Trajanje transfera\", \"vrednost\": \"~1.5h\"}, {\"label\": \"Paket cena\", \"vrednost\": \"— EUR / osobi\"}]',20),(13,8,'avion','Avion + Transfer','Najbrža opcija',180.00,'[{\"label\": \"Aerodrom\", \"vrednost\": \"BEG - Najbliži\"}, {\"label\": \"Let\", \"vrednost\": \"~2h\"}, {\"label\": \"Transfer\", \"vrednost\": \"Aerodrom - Hotel\"}, {\"label\": \"Trajanje transfera\", \"vrednost\": \"~1.5h\"}, {\"label\": \"Paket cena\", \"vrednost\": \"180 EUR / osobi\"}]',20),(15,1,'auto','Sopstveni Auto','1580 km od Beograda',0.00,'[{\"label\": \"Putarina\", \"vrednost\": \"220.00 EUR povratno\"}, {\"label\": \"Zimska oprema\", \"vrednost\": \"Obavezna\"}, {\"label\": \"Granični prelaz\", \"vrednost\": \"Horgoš\"}]',30),(16,2,'auto','Sopstveni Auto','1530 km od Beograda',0.00,'[{\"label\": \"Putarina\", \"vrednost\": \"230.00 EUR povratno\"}, {\"label\": \"Zimska oprema\", \"vrednost\": \"Obavezna\"}, {\"label\": \"Granični prelaz\", \"vrednost\": \"Horgoš\"}]',30),(17,3,'auto','Sopstveni Auto','1620 km od Beograda',0.00,'[{\"label\": \"Putarina\", \"vrednost\": \"240.00 EUR povratno\"}, {\"label\": \"Zimska oprema\", \"vrednost\": \"Obavezna\"}, {\"label\": \"Granični prelaz\", \"vrednost\": \"Horgoš\"}]',30),(18,6,'auto','Sopstveni Auto','1025 km od Beograda',0.00,'[{\"label\": \"Putarina\", \"vrednost\": \"130.00 EUR povratno\"}, {\"label\": \"Zimska oprema\", \"vrednost\": \"Obavezna\"}, {\"label\": \"Granični prelaz\", \"vrednost\": \"Horgoš\"}]',30),(19,7,'auto','Sopstveni Auto','280 km od Beograda',0.00,'[{\"label\": \"Putarina\", \"vrednost\": \"0.00 EUR povratno\"}, {\"label\": \"Zimska oprema\", \"vrednost\": \"Obavezna\"}, {\"label\": \"Granični prelaz\", \"vrednost\": \"—\"}]',30),(20,8,'auto','Sopstveni Auto','530 km od Beograda',0.00,'[{\"label\": \"Putarina\", \"vrednost\": \"36.00 EUR povratno\"}, {\"label\": \"Zimska oprema\", \"vrednost\": \"Obavezna\"}, {\"label\": \"Granični prelaz\", \"vrednost\": \"Gradina\"}]',30);
/*!40000 ALTER TABLE `transport_opcije` ENABLE KEYS */;
UNLOCK TABLES;

--
-- Table structure for table `vreme_prognoza`
--

DROP TABLE IF EXISTS `vreme_prognoza`;
/*!40101 SET @saved_cs_client     = @@character_set_client */;
/*!40101 SET character_set_client = utf8 */;
CREATE TABLE `vreme_prognoza` (
  `id` int(11) NOT NULL AUTO_INCREMENT,
  `destinacija_id` int(11) NOT NULL,
  `dan_skraceno` varchar(8) NOT NULL,
  `temp_min` tinyint(4) NOT NULL,
  `temp_max` tinyint(4) NOT NULL,
  `stanje` varchar(40) NOT NULL,
  `redosled` tinyint(4) NOT NULL DEFAULT 0,
  PRIMARY KEY (`id`),
  KEY `idx_dest_redosled` (`destinacija_id`,`redosled`),
  CONSTRAINT `fk_prognoza_dest` FOREIGN KEY (`destinacija_id`) REFERENCES `destinacije` (`id`) ON DELETE CASCADE
) ENGINE=InnoDB AUTO_INCREMENT=19 DEFAULT CHARSET=utf8mb4 COLLATE=utf8mb4_unicode_ci;
/*!40101 SET character_set_client = @saved_cs_client */;

--
-- Dumping data for table `vreme_prognoza`
--

LOCK TABLES `vreme_prognoza` WRITE;
/*!40000 ALTER TABLE `vreme_prognoza` DISABLE KEYS */;
INSERT INTO `vreme_prognoza` VALUES (1,1,'PON',-8,-4,'Oblačno',1),(2,1,'UTO',-12,-7,'Sneg',2),(3,1,'SRE',-5,-1,'Sunčano',3),(4,2,'PON',-10,-6,'Sneg',1),(5,2,'UTO',-8,-5,'Oblačno',2),(6,2,'SRE',-6,-3,'Sunčano',3),(7,3,'PON',-15,-10,'Sneg',1),(8,3,'UTO',-12,-8,'Sneg',2),(9,3,'SRE',-10,-5,'Oblačno',3),(10,6,'PON',-8,-4,'Sneg',1),(11,6,'UTO',-6,-3,'Oblačno',2),(12,6,'SRE',-5,-1,'Pretežno sunčano',3),(13,7,'PON',-5,-1,'Sunčano',1),(14,7,'UTO',-3,1,'Pretežno sunčano',2),(15,7,'SRE',-2,2,'Sunčano',3),(16,8,'PON',-7,-3,'Sunčano',1),(17,8,'UTO',-5,-2,'Pretežno sunčano',2),(18,8,'SRE',-4,-1,'Oblačno',3);
/*!40000 ALTER TABLE `vreme_prognoza` ENABLE KEYS */;
UNLOCK TABLES;

--
-- Table structure for table `vreme_trenutno`
--

DROP TABLE IF EXISTS `vreme_trenutno`;
/*!40101 SET @saved_cs_client     = @@character_set_client */;
/*!40101 SET character_set_client = utf8 */;
CREATE TABLE `vreme_trenutno` (
  `destinacija_id` int(11) NOT NULL,
  `temp_c` tinyint(4) NOT NULL DEFAULT 0,
  `temp_osecaj_c` tinyint(4) DEFAULT NULL,
  `sneg_dno_cm` smallint(5) unsigned NOT NULL DEFAULT 0,
  `sneg_vrh_cm` smallint(5) unsigned NOT NULL DEFAULT 0,
  `uslovi` varchar(60) NOT NULL DEFAULT '—',
  `vidljivost` varchar(60) DEFAULT NULL,
  PRIMARY KEY (`destinacija_id`),
  CONSTRAINT `fk_vreme_dest` FOREIGN KEY (`destinacija_id`) REFERENCES `destinacije` (`id`) ON DELETE CASCADE
) ENGINE=InnoDB DEFAULT CHARSET=utf8mb4 COLLATE=utf8mb4_unicode_ci;
/*!40101 SET character_set_client = @saved_cs_client */;

--
-- Dumping data for table `vreme_trenutno`
--

LOCK TABLES `vreme_trenutno` WRITE;
/*!40000 ALTER TABLE `vreme_trenutno` DISABLE KEYS */;
INSERT INTO `vreme_trenutno` VALUES (1,-3,-8,45,185,'Sunčano','Odlična (>10 km)'),(2,-6,-12,85,240,'Pretežno sunčano','Odlična (>10 km)'),(3,-9,-15,120,310,'Sneg','Slaba (1-3 km)'),(6,-4,-9,70,195,'Pretežno oblačno','Dobra (5-10 km)'),(7,-1,-5,35,110,'Sunčano','Odlična (>10 km)'),(8,-3,-7,50,140,'Sunčano','Odlična (>10 km)');
/*!40000 ALTER TABLE `vreme_trenutno` ENABLE KEYS */;
UNLOCK TABLES;
/*!40103 SET TIME_ZONE=@OLD_TIME_ZONE */;

/*!40101 SET SQL_MODE=@OLD_SQL_MODE */;
/*!40014 SET FOREIGN_KEY_CHECKS=@OLD_FOREIGN_KEY_CHECKS */;
/*!40014 SET UNIQUE_CHECKS=@OLD_UNIQUE_CHECKS */;
/*!40101 SET CHARACTER_SET_CLIENT=@OLD_CHARACTER_SET_CLIENT */;
/*!40101 SET CHARACTER_SET_RESULTS=@OLD_CHARACTER_SET_RESULTS */;
/*!40101 SET COLLATION_CONNECTION=@OLD_COLLATION_CONNECTION */;
/*!40111 SET SQL_NOTES=@OLD_SQL_NOTES */;

-- Dump completed on 2026-05-25 16:40:32
